spec_id,policy,wolfson_vs_market,output_vs_market,ede_vs_market,vulnerable_vs_market
0,공공AI 실패,-0.0035051926461947824,-0.029700739775893173,-0.029601319088070933,0.014600348871964708
0,공공AI 종합안,-0.023873244941498034,-0.10323330671426209,-0.09656482748451783,0.05112101468799516
0,공공AI+공교육,-0.018511501990774754,-0.05854153082287409,-0.05416872264496889,0.023597764756187613
0,공공AI+돌봄,-0.012735728600934984,-0.0903039529072012,-0.08680013308251677,0.027613238272055085
0,전국민 공공AI,-0.009358648937694072,-0.05176299990377786,-0.04852266508086956,0.0005040179277479755
1,공공AI 실패,-0.004463026907043033,-0.02920431950270981,-0.027950214338091167,0.014942128503658616
1,공공AI 종합안,-0.03453528874709198,-0.10473414554748092,-0.09268639330964834,0.052735893254059474
1,공공AI+공교육,-0.028400440404679483,-0.05885535237387929,-0.05066897652342098,0.02507584625695477
1,공공AI+돌봄,-0.016043922854182657,-0.08981908743486075,-0.08595749895376342,0.028185149985164637
1,전국민 공공AI,-0.012798490447993915,-0.05136262602548888,-0.047868329075386656,0.0009740697324569138
2,공공AI 실패,-0.005478848932658098,0.00039007710151817143,0.0018214391770624283,0.01501137766838064
2,공공AI 종합안,-0.053389677854984496,0.029307762107304923,0.04683736594732643,0.05304644297124298
2,공공AI+공교육,-0.04163737513554844,0.03886846306535604,0.05064747249893964,0.025361558139965434
2,공공AI+돌봄,-0.026497136033817786,-0.012593907319655928,-0.00549243180617523,0.028288990285107785
2,전국민 공공AI,-0.022240051280749407,-0.00197119278530751,0.004403362459156068,0.0010594156333555045
3,공공AI 실패,-0.006327786375614347,-0.010856959684616085,-0.009494617605732447,0.014908535190810257
3,공공AI 종합안,-0.04283704171498044,-0.02045842714474745,-0.007151487134798712,0.05257929073540742
3,공공AI+공교육,-0.034699714848683325,0.0016321807837158392,0.011476814898132875,0.024932307096080707
3,공공AI+돌봄,-0.02048211637331336,-0.04024399924403414,-0.035094765051079696,0.028130535602103695
3,전국민 공공AI,-0.015887053403889698,-0.01966661389277108,-0.014996306978597579,0.0009291824032897633
4,공공AI 실패,-0.001004034351189842,-0.009432257414387135,-0.010824095108221764,0.014434599106707857
4,공공AI 종합안,-0.02241209636868635,-0.010247836721687026,-0.007183561321340244,0.050324244736824585
4,공공AI+공교육,-0.014269816267348856,0.00802593398507509,0.00828898971884745,0.022870516223493897
4,공공AI+돌봄,-0.012302005034357494,-0.03641855244965608,-0.03221640131459436,0.0273225879320604
4,전국민 공공AI,-0.010197268576982652,-0.017653364582910086,-0.013722486083784242,0.00026513364941960216
5,공공AI 실패,-0.004539530340288492,-0.022466843995329278,-0.02105172720599985,0.014887000170507037
5,공공AI 종합안,-0.038429170946707975,-0.07253328837221247,-0.06024850083128627,0.05252347584260549
5,공공AI+공교육,-0.03066391908869677,-0.03603241238012307,-0.02704127606125334,0.024878875925050708
5,공공AI+돌봄,-0.01806139799676168,-0.07041321838490376,-0.06642348305957965,0.028120569902918485
5,전국민 공공AI,-0.014527564123037129,-0.038843163260851424,-0.03519671958781431,0.000920991637512766
6,공공AI 실패,-0.0011307235913356056,-0.009362602870459036,-0.009332642192221099,0.01427107115559349
6,공공AI 종합안,-0.018304904335269635,-0.012672466600011728,-0.008386462761499652,0.049802616350728655
6,공공AI+공교육,-0.013865214502783163,0.00035982137845887163,0.00249474139541576,0.022363722087560284
6,공공AI+돌봄,-0.00868580114281721,-0.02428459242102502,-0.02328395052221654,0.027260569924549467
6,전국민 공공AI,-0.0067113659755842076,-0.010755882419609668,-0.00966816078169256,0.00021416131280382888
7,공공AI 실패,-0.0060180063989194454,-0.0005722964541674119,0.0005291097894792041,0.014753145391324477
7,공공AI 종합안,-0.04103058529131824,0.02869426252423599,0.04039379448378988,0.051875438826101086
7,공공AI+공교육,-0.03400498933905974,0.036052075214856094,0.04530027847794098,0.024285935406294534
7,공공AI+돌봄,-0.020710292813676187,-0.010352953471589599,-0.005210819760511659,0.02789022627423706
7,전국민 공공AI,-0.017209267643592915,-0.0005701344433525352,0.004161552956396614,0.0007316731887329064
8,공공AI 실패,-0.0059370004183515734,-0.02274183348001088,-0.02127204606003094,0.014982825161116192
8,공공AI 종합안,-0.04162819190665375,-0.07354085031007145,-0.06074822048140313,0.05292125864049506
8,공공AI+공교육,-0.034682059135957885,-0.03564678155141017,-0.025573993042528165,0.02524601634038563
8,공공AI+돌봄,-0.018956129891732412,-0.07380951438949492,-0.06869992380403853,0.028248677457437532
8,전국민 공공AI,-0.015158772261337161,-0.04089315028473876,-0.036277372807968694,0.0010262826917406195
9,공공AI 실패,-0.0007117320192518983,-0.03333894969423083,-0.03358809398439585,0.014580207874748896
9,공공AI 종합안,-0.018915882450836682,-0.12329277302181856,-0.11629404211370031,0.05100803446502981
9,공공AI+공교육,-0.013251750976101498,-0.07305899811025185,-0.07026097904385649,0.023496893183597822
9,공공AI+돌봄,-0.00843998330028628,-0.10111113606704036,-0.0979892635048976,0.027562615263698485
9,전국민 공공AI,-0.00631930347510859,-0.059081017446781604,-0.05621618245255312,0.0004624110924753202
10,공공AI 실패,-0.0017002224485493794,0.0009060708808813767,0.0002111842438814321,0.014361095550016339
10,공공AI 종합안,-0.02040914221552037,0.03212768601242977,0.03717455338522788,0.0500094156619945
10,공공AI+공교육,-0.014164330822107316,0.03416751719479705,0.0350196883981491,0.022578518427626627
10,공공AI+돌봄,-0.010563045582127978,-0.0007015093351668833,0.0015575266880320168,0.027227136499416472
10,전국민 공공AI,-0.008060087578633288,0.0042004360016674736,0.006390782327581564,0.0001866825228769393
11,공공AI 실패,-0.000752999693878785,-0.010014323877355472,-0.010434769596433038,0.014309996667101605
11,공공AI 종합안,-0.014906900973901814,-0.01988996539591012,-0.017376933931407795,0.049795385943353046
11,공공AI+공교육,-0.009885338806868739,-0.005483730545944976,-0.004874614438525361,0.022380236237256344
11,공공AI+돌봄,-0.008387830908055484,-0.028325055207828062,-0.02722338777251797,0.02716130032192769
11,전국민 공공AI,-0.006434076123035315,-0.014088006892752664,-0.012955836243865877,0.00013257204859503258
12,공공AI 실패,-0.008017834700876747,-0.015454773429180335,-0.01365800268789652,0.014955464089435157
12,공공AI 종합안,-0.047718933818929124,-0.03901265540082266,-0.024845277271331567,0.05285035308628827
12,공공AI+공교육,-0.03982499006393678,-0.011157337319600863,0.00024494177377423765,0.025178226586105395
12,공공AI+돌봄,-0.022308884111868224,-0.05244898012357488,-0.04729148499245711,0.028235651136515716
12,전국민 공공AI,-0.0173334451213058,-0.02711589061771097,-0.02241115023409121,0.0010155764139748377
13,공공AI 실패,-0.001511158277164082,-0.031593944270779814,-0.031937836201074786,0.014438001568530293
13,공공AI 종합안,-0.02086439768638801,-0.1112550941407472,-0.10510514087446689,0.05036832144020694
13,공공AI+공교육,-0.01386609434917098,-0.06560303054342745,-0.06355708434243243,0.022907423266458154
13,공공AI+돌봄,-0.0101038943189517,-0.09213248527911143,-0.08970843792498653,0.02735256235266048
13,전국민 공공AI,-0.007571377404300167,-0.053201856515539325,-0.05089596639604628,0.00028976949823189546
14,공공AI 실패,-0.004714855770906801,0.007667852048276365,0.008184221508835535,0.014658951097529054
14,공공AI 종합안,-0.02625462801311071,0.05813479005121985,0.0658494776073021,0.05141202886829562
14,공공AI+공교육,-0.020294916795902174,0.053585354379424216,0.05910158122810978,0.02386275107790773
14,공공AI+돌봄,-0.012749184974250857,0.014348386092885294,0.01764673101199621,0.027722053743768054
14,전국민 공공AI,-0.008868763003279406,0.013848839414976055,0.016900632843590446,0.0005934529011650067
15,공공AI 실패,-0.0032030867722140366,-0.008071338757165689,-0.007895299595398642,0.014702948082775908
15,공공AI 종합안,-0.025977830524242754,-0.011917004540186689,-0.00329443225423616,0.051590413418608226
15,공공AI+공교육,-0.020382572241770383,0.006043693318361354,0.011060748926112578,0.024029455663654477
15,공공AI+돌봄,-0.014394339273702067,-0.03263313504183097,-0.02856081636176455,0.02777088453212902
15,전국민 공공AI,-0.011307266686793133,-0.015667044355715212,-0.011964776376059957,0.0006335867184454891
16,공공AI 실패,-0.0017940943846946333,-0.03154478889220172,-0.031172856477602005,0.014527367581371187
16,공공AI 종합안,-0.019982157373652963,-0.11350554678014005,-0.10832503601574583,0.05085582547733147
16,공공AI+공교육,-0.015154215193753026,-0.06863151305589459,-0.06477971977269151,0.02334884690541909
16,공공AI+돌봄,-0.00927691908038246,-0.09101045080192684,-0.08910752397414395,0.027545212095528293
16,전국민 공공AI,-0.0061959537040531115,-0.05276677554266706,-0.050938776446971236,0.0004481075025705534
17,공공AI 실패,0.00027672651442028906,-0.003928057275057101,-0.003975231299609777,0.014385861042661818
17,공공AI 종합안,-0.019499584069879818,0.007796032006843409,0.013129742639522022,0.05019527619044828
17,공공AI+공교육,-0.012632689486485438,0.015335598677237008,0.017503749688786114,0.022743187890856758
17,공공AI+돌봄,-0.009478961679516729,-0.011923040133540189,-0.010471451536913656,0.0273157306398563
17,전국민 공공AI,-0.006385085279458282,-0.003224385406187566,-0.00177576773570983,0.0002594976701203455
18,공공AI 실패,-0.004115772370511958,0.00712036079513634,0.00791762474666284,0.01484385235330262
18,공공AI 종합안,-0.034397849890165394,0.054528985324441406,0.06451723986552149,0.05225911663467168
18,공공AI+공교육,-0.02750517200153875,0.05283130192163567,0.060234169396308365,0.024640703102148755
18,공공AI+돌봄,-0.018291513565372272,0.009148756567845277,0.013690609811932153,0.028011091674777222
18,전국민 공공AI,-0.013152702982613715,0.010754545082014184,0.014864861651739503,0.0008310119474057576
19,공공AI 실패,-0.005128153970248156,-0.02167668378568506,-0.02045173876956266,0.014828931694052527
19,공공AI 종합안,-0.03375312249240431,-0.06995357381196397,-0.06001348241624363,0.052257887117942034
19,공공AI+공교육,-0.027157345808603878,-0.03528445720217861,-0.02739148436413777,0.024634969788209303
19,공공AI+돌봄,-0.014953602034244784,-0.06749092644480263,-0.06405462185895183,0.028029920838781273
19,전국민 공공AI,-0.012356272692924969,-0.03729601202390165,-0.03413453036752939,0.0008464875572217201
20,공공AI 실패,-0.004456460385583436,-0.02432620232882174,-0.02333086132644016,0.014631870444529516
20,공공AI 종합안,-0.027690747641151765,-0.08007341889552903,-0.07081061511442036,0.05147469440459396
20,공공AI+공교육,-0.022941662483284393,-0.04315998600459914,-0.03675130299924245,0.02389897482538535
20,공공AI+돌봄,-0.012859808284394467,-0.07190423377594247,-0.06943086316549707,0.02783259974641298
20,전국민 공공AI,-0.010113275805947994,-0.04001786596518794,-0.03767267091555951,0.0006843101905955971
21,공공AI 실패,-0.004481917824000051,0.00270600949203241,0.0040977627586591125,0.014826502123546859
21,공공AI 종합안,-0.03946976270061901,0.03863498465613845,0.05146338711294429,0.052264604999606355
21,공공AI+공교육,-0.030959959102788814,0.04188936089010024,0.05103130976162773,0.024639833510964104
21,공공AI+돌봄,-0.01865874118947089,-3.65263080903816e-05,0.004080186280218806,0.02803767257816281
21,전국민 공공AI,-0.015004598126895391,0.00552407791712721,0.009307712859755207,0.0008528586788519137
22,공공AI 실패,-0.00475432848545948,0.00739311947306958,0.00837670428019352,0.014960158743899074
22,공공AI 종합안,-0.03918744733118221,0.055740326418186006,0.06773673257707054,0.05280126237004919
22,공공AI+공교육,-0.03144677119749657,0.055023449930647984,0.06388033307041864,0.025138039907459036
22,공공AI+돌봄,-0.02023549224253368,0.007618386397442459,0.013174264770115796,0.028198425751730632
22,전국민 공공AI,-0.015527574950411821,0.00999132926631158,0.014976229395704282,0.0009849810285366516
23,공공AI 실패,-0.007366564538815679,-0.01672063284597622,-0.014870428535270458,0.015005877301044858
23,공공AI 종합안,-0.05644470001285741,-0.043452844923680345,-0.025763234407030072,0.05304448932300938
23,공공AI+공교육,-0.04510971816343953,-0.012609633026195166,4.354502882733535e-05,0.02535821913843676
23,공공AI+돌봄,-0.024681175311190517,-0.057650143418136346,-0.05123943338055262,0.028294782074387036
23,전국민 공공AI,-0.021694916526025454,-0.030074388498111004,-0.024275384719196352,0.0010641758803319953
24,공공AI 실패,-0.003733143632395866,0.004597141259132118,0.005576987811162087,0.014555237009203026
24,공공AI 종합안,-0.024572898027085253,0.04427882137280422,0.051671631294224224,0.05119815552837448
24,공공AI+공교육,-0.019946791310623734,0.04246168027679192,0.04836410475737267,0.023623415929967195
24,공공AI+돌봄,-0.010193353148187902,0.0091589427020307,0.011138025164498203,0.027828502710430136
24,전국민 공공AI,-0.00815938782425607,0.010515221247814635,0.012427195992649631,0.0006809428541456244
25,공공AI 실패,-0.00862626433884639,-0.006906950001295903,-0.004889986893894638,0.014915836534656
25,공공AI 종합안,-0.055583068219334605,0.002300430487550298,0.018951058188212577,0.05272307510207315
25,공공AI+공교육,-0.04658103523845723,0.01894660859549263,0.03193580120421105,0.02505627696746863
25,공공AI+돌봄,-0.024607412248742105,-0.02849031121182477,-0.02264522654926504,0.02821337467408347
25,전국민 공공AI,-0.01915646961586373,-0.011536410865052638,-0.006167123051653789,0.0009972674842418545
26,공공AI 실패,-0.007991512955872776,-0.013255699754733702,-0.011578572133397053,0.014903917090283639
26,공공AI 종합안,-0.044491948916679694,-0.029774941647758818,-0.016522008257004978,0.052632307061188266
26,공공AI+공교육,-0.03694533418000008,-0.005245450296981119,0.005339046909458606,0.02497657084820174
26,공공AI+돌봄,-0.021619785374467265,-0.04547388057628418,-0.04082371384002936,0.028167127756950294
26,전국민 공공AI,-0.015907735088601452,-0.022827188557073136,-0.018565284982454383,0.0009592573397345268
27,공공AI 실패,-0.0005172546214612245,0.008743559550214774,0.008064445621188097,0.014484361344600627
27,공공AI 종합안,-0.020172187259823282,0.06605267512564289,0.07140584199690554,0.05056661051574485
27,공공AI+공교육,-0.014091627445436905,0.06015369924059907,0.06227306963395131,0.023091305994256312
27,공공AI+돌봄,-0.010603458153559397,0.015884102607295836,0.01960229274100497,0.02741279141530554
27,전국민 공공AI,-0.007659376871037474,0.014950184171551695,0.018415746239508587,0.00033927150867022783
28,공공AI 실패,-0.005004391523914714,-0.017021028423179735,-0.01573765604547045,0.014775619467449801
28,공공AI 종합안,-0.03222659601985461,-0.04999115897557557,-0.03970181686003407,0.052141193870921976
28,공공AI+공교육,-0.025776740586875818,-0.02168756384547424,-0.014171925271441121,0.02451087492478784
28,공공AI+돌봄,-0.014608675796576223,-0.053182344026928535,-0.05040206550191856,0.02806086500492
28,전국민 공공AI,-0.01142191327799659,-0.02830492065256565,-0.0257117603286168,0.0008719204357681525
29,공공AI 실패,-0.007953820491370056,-0.023714023682510944,-0.022505000449766666,0.014988678152677903
29,공공AI 종합안,-0.055282345924884235,-0.07307480932236951,-0.05800953136791401,0.05293796114781061
29,공공AI+공교육,-0.04273509613175122,-0.031900868060881986,-0.019974667069618146,0.025262557190809498
29,공공AI+돌봄,-0.02843870688543637,-0.08147870092462389,-0.07356354237045623,0.028249353301394296
29,전국민 공공AI,-0.022864230277989783,-0.04505154764071576,-0.037926692955913804,0.0010268381650144036
30,공공AI 실패,-0.00114071007884603,-0.008236652421941826,-0.008420942979183763,0.014255291843518553
30,공공AI 종합안,-0.013599987664472239,-0.012792657611068334,-0.01002563806669025,0.04964832053724329
30,공공AI+공교육,-0.009670221543772728,-0.001699245064935656,-0.0007735592533122393,0.02223529999089513
30,공공AI+돌봄,-0.006759299857223844,-0.02109738115789503,-0.02050461231908447,0.02715239887805051
30,전국민 공공AI,-0.004888753000361054,-0.009709295920368871,-0.009028385200102611,0.00012525598972952957
31,공공AI 실패,-0.0025248613323804042,-0.015053552782862904,-0.014934923480700645,0.01438144231132547
31,공공AI 종합안,-0.02148293675879468,-0.037579026455958744,-0.03303926018747075,0.050232894839689034
31,공공AI+공교육,-0.015308910303427035,-0.015956448526913816,-0.013026947356091823,0.022771893406670407
31,공공AI+돌봄,-0.010176469646948995,-0.04247550648549975,-0.04088172349862205,0.027352994051877667
31,전국민 공공AI,-0.007157478917368086,-0.02201867999110447,-0.0204143490018054,0.00029012430998243133
32,공공AI 실패,-0.0022485170203263988,0.004737259751084258,0.005330526512964437,0.014531190453306492
32,공공AI 종합안,-0.026268266044297016,0.04847738911610397,0.05615883275831725,0.050929228542055685
32,공공AI+공교육,-0.02041658093602041,0.046099253105773674,0.051342743287932216,0.023410805778556844
32,공공AI+돌봄,-0.01163891230200205,0.009824213306790633,0.012316554559479019,0.027593057180517078
32,전국민 공공AI,-0.0097938748749829,0.011266657415415788,0.013655438392045326,0.0004874311744414621
33,공공AI 실패,-0.003513044466360582,0.0016932475799880525,0.0017758854151786047,0.01459792654390753
33,공공AI 종합안,-0.02386647091650819,0.03325102505945417,0.039661287384461466,0.051109662029874325
33,공공AI+공교육,-0.018817564965725994,0.03669630571897731,0.0410933219192187,0.02358736564386913
33,공공AI+돌봄,-0.012792768789877756,-0.003268579130951646,0.00031082473794570575,0.027609251753688037
33,전국민 공공AI,-0.009625433045647197,0.002830549593414694,0.006142434145802025,0.000500741425256245
34,공공AI 실패,-0.0006339267907822799,-0.024500760184983983,-0.024451989985600147,0.014362267898664498
34,공공AI 종합안,-0.01747149054671846,-0.08248927514294561,-0.07855759774416957,0.05013535988971525
34,공공AI+공교육,-0.012706860843706105,-0.048678343508297715,-0.04651793565471076,0.022683397243672153
34,공공AI+돌봄,-0.007676661503628092,-0.0683365087525755,-0.06722173084233489,0.027315205316187734
34,전국민 공공AI,-0.006109485278440609,-0.03885886756922602,-0.03771267268709394,0.00025906590883132807
35,공공AI 실패,-0.0014569901599218726,-0.026377338036772113,-0.02633177773182681,0.014411392894652134
35,공공AI 종합안,-0.02100951758598789,-0.08798414879054954,-0.08254832344298449,0.050320989677904215
35,공공AI+공교육,-0.014379665236053073,-0.05080307098666367,-0.04804785883568595,0.02285791369078564
35,공공AI+돌봄,-0.009369755722172753,-0.07475637000390474,-0.07302519004124752,0.027361667204233647
35,전국민 공공AI,-0.007251545278958424,-0.04233735892605302,-0.040629769255214554,0.0002972527370176019
36,공공AI 실패,-0.0040745875839324625,-0.0065597676867956214,-0.005808899679854318,0.01462333659435433
36,공공AI 종합안,-0.025947313564453095,-0.0024082260438664446,0.005387066615122449,0.05132218109192195
36,공공AI+공교육,-0.02156403812706205,0.010820567487679768,0.016739611815175498,0.023775009950432614
36,공공AI+돌봄,-0.013622053869006376,-0.02313442951872403,-0.020358643393296308,0.027713246411696736
36,전국민 공공AI,-0.009618201169141818,-0.009537600613429377,-0.006923060104338102,0.0005862141923925375
37,공공AI 실패,-0.0035056553307557525,-0.010493274289300759,-0.009816012827473866,0.014489141864445276
37,공공AI 종합안,-0.029175406117768546,-0.011609792925298467,-0.0035251644298753826,0.0507795245370692
37,공공AI+공교육,-0.024387907013518506,0.005557114688639471,0.011780513351668492,0.023266748096419265
37,공공AI+돌봄,-0.015216752117806764,-0.03199301483673416,-0.02893721777529297,0.027569451424309888
37,전국민 공공AI,-0.011777369038189128,-0.014211009834146603,-0.011258458779356939,0.00046802970380810296
38,공공AI 실패,-0.005963689398519947,-0.02099158978020116,-0.01943671191631738,0.014892210613359842
38,공공AI 종합안,-0.03884686323496628,-0.06612590596638324,-0.054542778830599714,0.05261990635982465
38,공공AI+공교육,-0.03251896574005737,-0.03188745890078257,-0.022702340139722804,0.02496075120994397
38,공공AI+돌봄,-0.019465473644213527,-0.06588678605433004,-0.062245382432749186,0.028181421411948793
38,전국민 공공AI,-0.015617134171752547,-0.0360325671121387,-0.03268021447455008,0.0009710052339880742
39,공공AI 실패,-0.005834826707983007,-0.0015292041805014672,-0.0001484342100235292,0.014799347052842433
39,공공AI 종합안,-0.04017361472500387,0.02222331429759479,0.03390159198336662,0.052134458960723176
39,공공AI+공교육,-0.03298653696734695,0.03065181988782418,0.040136991674896094,0.02452073470482722
39,공공AI+돌봄,-0.020091699559597956,-0.01213435315748139,-0.007699273008445667,0.027991487071249432
39,전국민 공공AI,-0.015674737400889538,-0.0019330701154231383,0.002157425544415781,0.0008148990071430804
40,공공AI 실패,-0.0036432645969822347,-0.030818094653933346,-0.030095494216406143,0.014778548218349749
40,공공AI 종합안,-0.03379097584785003,-0.10833345031335039,-0.09805757496700604,0.05195777653366677
40,공공AI+공교육,-0.026818221928912506,-0.06060189014761657,-0.053445715790076176,0.024364020583732694
40,공공AI+돌봄,-0.01776105688641645,-0.09529041590260637,-0.0908274391398751,0.027908004958194933
40,전국민 공공AI,-0.013504213564614356,-0.0545479333290013,-0.05048668010823096,0.000746285413466663
41,공공AI 실패,-0.006884040126996199,-0.008321394896290607,-0.006575307493415783,0.014855936417769907
41,공공AI 종합안,-0.04595237978114465,-0.0074791719518866595,0.005939803671758281,0.0524975315018994
41,공공AI+공교육,-0.038070680195542925,0.010276941138825602,0.020772651493504657,0.024841288439232466
41,공공AI+돌봄,-0.021976434311300058,-0.030762529659238758,-0.026509126529243116,0.02816924675905323
41,전국민 공공AI,-0.015894307155599613,-0.013481639252707511,-0.009547442124586775,0.0009609989385510626
42,공공AI 실패,-0.007996284344668259,-0.027932149687137392,-0.02631033761930099,0.014872911933690522
42,공공AI 종합안,-0.05485132663605029,-0.08914526307237106,-0.07271808058434409,0.05244669461680721
42,공공AI+공교육,-0.04384636989898817,-0.04455031591585143,-0.032675858876259956,0.024809066678670333
42,공공AI+돌봄,-0.02561730905500098,-0.08751702134087816,-0.0813440206759592,0.028091421933376916
42,전국민 공공AI,-0.021349218784632557,-0.048573241007610485,-0.04293691532962446,0.0008970350453105427
43,공공AI 실패,-0.003451642439800673,-0.003431370706401246,-0.002389224790874861,0.014579510305852547
43,공공AI 종합안,-0.035762026881086664,0.018893237138088697,0.029532529304688235,0.05120913218787042
43,공공AI+공교육,-0.02946328335701376,0.0279974010741345,0.03594866253544653,0.023659455812978424
43,공공AI+돌봄,-0.017462065713746228,-0.013934694138286206,-0.010240634344927863,0.027723720118306372
43,전국민 공공AI,-0.01412205780010807,-0.002650145480750904,0.0008583692002022136,0.0005948224873111689
44,공공AI 실패,-0.0033945242325637837,-0.03010721744519171,-0.02990481156431857,0.014333314796062332
44,공공AI 종합안,-0.026447407392458884,-0.09499327430352454,-0.08882865016764943,0.050086257144549395
44,공공AI+공교육,-0.0213517908389353,-0.05407883922918729,-0.050225306041365964,0.02262517026822075
44,공공AI+돌봄,-0.012104286967809352,-0.0828957473116056,-0.08082652494014436,0.027353351267360566
44,전국민 공공AI,-0.01080274492617736,-0.04625281460541804,-0.04414910244250603,0.00029041790386852284
45,공공AI 실패,-0.00035056717404741145,-0.0247901777687696,-0.02540925880072648,0.014420342677088546
45,공공AI 종합안,-0.015335178458954421,-0.0850160754850843,-0.08245214443366033,0.05026240271086827
45,공공AI+공교육,-0.010639155041625395,-0.048580836388535234,-0.04775186425757204,0.022813156231851133
45,공공AI+돌봄,-0.008163825736861294,-0.07459085715262136,-0.07242023498697042,0.027303849752868554
45,전국민 공공AI,-0.0048257742725583835,-0.042868700389135275,-0.04080905512793952,0.0002497328196336599
46,공공AI 실패,-0.0021215597431668426,-0.009332615995885678,-0.009037600332125015,0.014551224928736579
46,공공AI 종합안,-0.020243373672327113,-0.018663322584433907,-0.012913517908779024,0.050928958073343154
46,공공AI+공교육,-0.014776895681629432,-0.0024746286264427687,0.0011160487739257513,0.02341857770121451
46,공공AI+돌봄,-0.009807049396182467,-0.029984067074451375,-0.028023419966651593,0.02755943410668808
46,전국민 공공AI,-0.007124767647746166,-0.014644313598992889,-0.01278435615653245,0.000459796513057646
47,공공AI 실패,-0.004613065744325295,-0.002925752692092512,-0.001835484185512215,0.015012072485645917
47,공공AI 종합안,-0.03878432606703433,0.009914279394113656,0.021661799302886198,0.053044843034004294
47,공공AI+공교육,-0.03123745987961682,0.022751480320808135,0.0317585909759063,0.02536121539352376
47,공공AI+돌봄,-0.019696274313075246,-0.021011386006724163,-0.015620222635206543,0.02828373430873954
47,전국민 공공AI,-0.014404900321816766,-0.008083395528058604,-0.003256237051794064,0.0010550957687314906
48,공공AI 실패,-0.0012038565417644698,0.004917237283422166,0.003792029024478623,0.014429919603829408
48,공공AI 종합안,-0.022103058844129483,0.05254487391811774,0.05650077994120084,0.050310355704100584
48,공공AI+공교육,-0.015570236398616807,0.05129862459483453,0.05222319620195014,0.022856679903519916
48,공공AI+돌봄,-0.012093100903094275,0.005140474698578479,0.009062650123396368,0.027322367554239446
48,전국민 공공AI,-0.010032973435314771,0.008457597616993495,0.012143120016159858,0.00026495252182564145
49,공공AI 실패,-0.005481560657383033,0.004099236650661059,0.005379344718813073,0.014854923380876166
49,공공AI 종합안,-0.029704443506041858,0.03964394362079916,0.04856727891324207,0.05244402338586037
49,공공AI+공교육,-0.024432226526440504,0.040212068491458565,0.04767975779483424,0.024799675661504393
49,공공AI+돌봄,-0.013685593378644056,0.004589861471448603,0.0073928972115633595,0.028119515551028394
49,전국민 공공AI,-0.010665343477322245,0.007575746430160291,0.010169665726072058,0.0009201250701783206
50,공공AI 실패,-0.00665709405059367,0.0009906195316562241,0.0020729447710837734,0.014898072821624326
50,공공AI 종합안,-0.054285751154621115,0.034859455093819366,0.050312561396032185,0.05251642716375145
50,공공AI+공교육,-0.044051092188417795,0.042948987094868475,0.05392613369257698,0.024875927459056868
50,공공AI+돌봄,-0.02911012144486755,-0.011034033391083255,-0.0037283041870516953,0.02810342801646152
50,전국민 공공AI,-0.02447970026207097,-0.0007982688506243188,0.005802201143644409,0.0009069027939370509
51,공공AI 실패,-0.006277296046173858,-0.022715799692485397,-0.021438231485650522,0.014945830249957328
51,공공AI 종합안,-0.038263054442713884,-0.07600686416991678,-0.06305238606456842,0.05275066124808618
51,공공AI+공교육,-0.03050285873843396,-0.03827835096889805,-0.029739038424181463,0.025089530023596006
51,공공AI+돌봄,-0.017642570723122655,-0.07220864995245019,-0.06804237809138475,0.028189682848060116
51,전국민 공공AI,-0.01490836583240858,-0.04018995772313616,-0.036425761572282084,0.0009777952731927515
52,공공AI 실패,-0.006908864564194567,0.0006275468697747311,0.0021862451933822857,0.014804356464782176
52,공공AI 종합안,-0.03984302805431708,0.028253140190243803,0.040028220016160354,0.052320996178887046
52,공공AI+공교육,-0.0330892137025673,0.03382864153643898,0.04261781418128491,0.02466394035476601
52,공공AI+돌봄,-0.020438762622416465,-0.00463299716770374,-0.0014481892873083602,0.028172644695949933
52,전국민 공공AI,-0.01650741498701866,0.0024782749327270093,0.005445830458928325,0.0009637916884352258
53,공공AI 실패,-0.0029891400856504186,-0.0032635955713521568,-0.0027876957762359295,0.01465727835276509
53,공공AI 종합안,-0.021874768675452752,0.007994570248802823,0.015057636560265118,0.05140319222754989
53,공공AI+공교육,-0.017330832359478354,0.017493328157897996,0.022274175820089892,0.02385473519779472
53,공공AI+돌봄,-0.010219161047226963,-0.015293334516872373,-0.01259779474216996,0.027718622364458767
53,전국민 공공AI,-0.0080095526722163,-0.005151481744077984,-0.00265319626291112,0.0005906326651041374
54,공공AI 실패,-0.004218318424790049,-0.0033469173466209798,-0.002751747370070848,0.014794189123207884
54,공공AI 종합안,-0.032735326350240984,0.009024616011673314,0.01902881912111734,0.052024191759707517
54,공공AI+공교육,-0.02605399654279543,0.021062024052879137,0.02770784696157827,0.024425861035838436
54,공공AI+돌봄,-0.018309855509449455,-0.019710127901377723,-0.015301908086805718,0.02792713085678426
54,전국민 공공AI,-0.013506296735600012,-0.007374273706425653,-0.003381040511169886,0.0007620049081763138
55,공공AI 실패,-0.005725289117418042,-0.004275764237007262,-0.0031471509038203394,0.015016934643018788
55,공공AI 종합안,-0.04518682036248224,0.005925839341337322,0.018953886825669536,0.053067802725948285
55,공공AI+공교육,-0.03556784915087824,0.02110240831120916,0.031031597598517896,0.025382215187700417
55,공공AI+돌봄,-0.023322496508778517,-0.02592879809292046,-0.01970247404678807,0.028291928113827303
55,전국민 공공AI,-0.01858030055801474,-0.010870886383519816,-0.0052956011955523075,0.0010618302222857139
56,공공AI 실패,-0.002480679338876954,-0.03305555386574345,-0.032822355322209604,0.014504042679120643
56,공공AI 종합안,-0.020139202767941178,-0.11914751064139167,-0.11418438937684401,0.050723476346479855
56,공공AI+공교육,-0.015275316781670767,-0.07235246268657956,-0.06882310446029544,0.02322920602390536
56,공공AI+돌봄,-0.01051054154927332,-0.09529347535806763,-0.09327225483705129,0.02749208232528318
56,전국민 공공AI,-0.008208702530248357,-0.05537860408650564,-0.05343895893545596,0.0004044403703627646
57,공공AI 실패,-0.0014938428680511748,-0.012861718202481422,-0.012759232878623907,0.014434302348334538
57,공공AI 종합안,-0.017028408211048937,-0.03348875812632489,-0.029255643827118046,0.0504180108831493
57,공공AI+공교육,-0.011790276388123286,-0.01411303230505441,-0.011611924049064226,0.02294767439825903
57,공공AI+돌봄,-0.007469067665558514,-0.03759837926154215,-0.03622058448465308,0.02739202139136232
57,전국민 공공AI,-0.005398729694545856,-0.019653121789289685,-0.018292413748694468,0.0003222007143246497
58,공공AI 실패,-0.008138269939026166,-0.02622645861255672,-0.02468442797991069,0.014946950910275463
58,공공AI 종합안,-0.04950456107349831,-0.08630011182685975,-0.07135816682983362,0.052761722983203405
58,공공AI+공교육,-0.04007777443563011,-0.0435996775396517,-0.03276484510517452,0.025099342974060024
58,공공AI+돌봄,-0.024190235275120958,-0.08332541332654232,-0.0777420823049085,0.028194903680603255
58,전국민 공공AI,-0.019745547524199103,-0.04648423357242072,-0.04142787884645166,0.000982086253256095
59,공공AI 실패,-0.008775924410065583,-0.026646665644570244,-0.024816654933512705,0.014888213866154578
59,공공AI 종합안,-0.04928279401139134,-0.08617144473624064,-0.07283386303173317,0.05261666874686877
59,공공AI+공교육,-0.041277579021441496,-0.044221623430932416,-0.032958132538640494,0.02495536711118544
59,공공AI+돌봄,-0.023781807777371697,-0.08249694693088627,-0.07778616626210261,0.028190395291394704
59,전국민 공공AI,-0.01656354480355189,-0.045857086766010774,-0.04150947329573901,0.0009783808273395502
60,공공AI 실패,-0.0034719851672875973,0.0072027205541844025,0.007493529395276734,0.014680367712732362
60,공공AI 종합안,-0.023303309113842263,0.05241192343977128,0.06077509995372359,0.05149066328226174
60,공공AI+공교육,-0.017453138967406037,0.049410028829072604,0.053966208403221375,0.023937087286424
60,공공AI+돌봄,-0.011050269450299743,0.012014523225822582,0.015174626677873039,0.02774002338395602
60,전국민 공공AI,-0.008326502020224238,0.01198200537229449,0.014871402043506544,0.0006082220720120546
61,공공AI 실패,-0.001680921720192817,-0.012499761543905905,-0.012595798807773326,0.014175535084509566
61,공공AI 종합안,-0.016553548218247637,-0.023956723872515087,-0.020651306110619452,0.049404837249583965
61,공공AI+공교육,-0.013299465806228317,-0.00811139861103527,-0.006562519748827055,0.021987123876069232
61,공공AI+돌봄,-0.009212054742724574,-0.03096292786595254,-0.030251257985169568,0.02717201832542922
61,전국민 공공AI,-0.007051292574642862,-0.014872421925813673,-0.01401532588177861,0.0001413811300900276
62,공공AI 실패,-0.0025095114247013495,-0.0015578173612315546,-0.001281083479732395,0.014761051240050005
62,공공AI 종합안,-0.03677317048475967,0.020490135181953605,0.030385339626876465,0.05186477834315377
62,공공AI+공교육,-0.030369359874852134,0.031033065435083267,0.03792351636101967,0.024280507385558463
62,공공AI+돌봄,-0.021814753793505365,-0.01735157249906679,-0.011623942679758123,0.027868350757971526
62,전국민 공공AI,-0.019180561867261026,-0.005411011167398561,-0.0002194767215362714,0.0007136937949491599
63,공공AI 실패,-0.004440252069878858,-0.0061575825149317795,-0.004961024323511726,0.014713610711191111
63,공공AI 종합안,-0.04293323712006544,0.006434341101804575,0.01973952455925307,0.05173427408923621
63,공공AI+공교육,-0.03495804053951215,0.020818557894839804,0.030364415284698437,0.02415370803673067
63,공공AI+돌봄,-0.021090907084628505,-0.0244942988944981,-0.019484959547473313,0.027852861546911467
63,전국민 공공AI,-0.016864827488523984,-0.009140169374631614,-0.004500198533466171,0.0007009632782534192
64,공공AI 실패,-0.005153872523648517,-0.03133555109160742,-0.030089345006408585,0.014900947862605873
64,공공AI 종합안,-0.03268255348240279,-0.11400724651300523,-0.10389634293727376,0.05257138387170431
64,공공AI+공교육,-0.026547624883974247,-0.06629384964649254,-0.05855560517215452,0.02492371026423542
64,공공AI+돌봄,-0.014998041885685764,-0.09470636906128904,-0.09139198015240715,0.02813342017321156
64,전국민 공공AI,-0.0124321274999033,-0.05457745023523289,-0.05155090721797598,0.0009315532200154433
65,공공AI 실패,-0.0016747000465731632,0.004455977859751145,0.004047422158292097,0.014448172600336855
65,공공AI 종합안,-0.017015905694591583,0.04034571107152503,0.04490383321906313,0.05039673745984615
65,공공AI+공교육,-0.011649513437960432,0.03870324588699804,0.040071424613370266,0.022935709569193108
65,공공AI+돌봄,-0.007946783429240115,0.007135602336442767,0.00917905960815183,0.027353104664125882
65,전국민 공공AI,-0.005770844694850105,0.008313614610039419,0.010243464240423418,0.00029021522171875525
66,공공AI 실패,-0.005220231515163237,0.006387272063051383,0.007794447590238451,0.014909537307601806
66,공공AI 종합안,-0.03411867784504771,0.05030087592198356,0.06043860075621564,0.052663158493626426
66,공공AI+공교육,-0.02852562265969777,0.048382537722989484,0.05669787986455703,0.025004465364551032
66,공공AI+돌봄,-0.016818858688968152,0.010135098833396139,0.013428240420941373,0.028179489827307926
66,전국민 공공AI,-0.012890409556074872,0.011252926261164323,0.014276474664308758,0.0009694176727865766
67,공공AI 실패,-0.002893981281379965,-0.0014795092545297692,-0.0011530639968596115,0.014453629872898851
67,공공AI 종합안,-0.020526135181246262,0.016445316584931834,0.02184716502610388,0.05058081193789388
67,공공AI+공교육,-0.01465123752435362,0.02117077238064609,0.024444530146372895,0.02308958468448219
67,공공AI+돌봄,-0.008915638868680395,-0.005820800592476855,-0.004423744011792886,0.02747936007211038
67,전국민 공공AI,-0.006949060403482019,0.000509032167414011,0.0018923704215608739,0.0003939840045869003
68,공공AI 실패,-0.0021239856832968307,-0.025141823066987395,-0.02467421620006905,0.014453060029458934
68,공공AI 종합안,-0.022536420086414967,-0.08278237084334714,-0.07623142179660566,0.05062138930117137
68,공공AI+공교육,-0.016986555100385707,-0.04672324942675125,-0.0425692711447413,0.023120088652383797
68,공공AI+돌봄,-0.008918332940682575,-0.07157595472399142,-0.06981775789357231,0.027521474227072035
68,전국민 공공AI,-0.007337513628635876,-0.04012966313359749,-0.0383971960375649,0.0004285974494417548
69,공공AI 실패,-0.002579258355366612,0.00239903162839198,0.0031883469506323314,0.014619993867633352
69,공공AI 종합안,-0.020992407082952795,0.032657177812331295,0.0393706641034043,0.05138698046535676
69,공공AI+공교육,-0.016650610377805956,0.03378442714124527,0.038993406839629874,0.02382430239974916
69,공공AI+돌봄,-0.007769431288470588,0.0025358694016902397,0.004482159497381136,0.02777807668797716
69,전국민 공공AI,-0.006468493440275419,0.006011615968296274,0.007868481981398029,0.000639497920749391
70,공공AI 실패,-0.0021471756741616305,-0.019492206586610845,-0.01876755440417513,0.014545718324947481
70,공공AI 종합안,-0.025158443643936705,-0.057400481664378986,-0.04947228931516752,0.05103697341463361
70,공공AI+공교육,-0.019218442157882522,-0.027786363029387435,-0.022249741092523784,0.023503864776950434
70,공공AI+돌봄,-0.011183061200926117,-0.057483196537283704,-0.055117045993016464,0.027654454867996853
70,전국민 공공AI,-0.00955211347581264,-0.030968311350020723,-0.028696971400222718,0.0005378936726614016
71,공공AI 실패,-0.003065898543415352,-0.021290104044698537,-0.02058178703601611,0.014726062581908967
71,공공AI 종합안,-0.03193392947074311,-0.06677309431902458,-0.056811774118854894,0.05172301193145852
71,공공AI+공교육,-0.025285737049314222,-0.032308962692896244,-0.025644129050686207,0.024147911539468714
71,공공AI+돌봄,-0.016869005977591223,-0.06718381610700158,-0.06326559389310239,0.027830011091295903
71,전국민 공공AI,-0.011791427431646503,-0.036973001181031584,-0.033380598147394844,0.0006821825859641591
72,공공AI 실패,-0.005810444990169472,-0.013220381833442207,-0.011864922990981158,0.014742976301999833
72,공공AI 종합안,-0.03730393061214876,-0.030038752179508355,-0.019254391291471773,0.051973243976168315
72,공공AI+공교육,-0.030295690179892365,-0.006858839441864675,0.0015610420931940483,0.024360006886086638
72,공공AI+돌봄,-0.018200235801380374,-0.04287853194669919,-0.03950338720668811,0.027989450362092737
72,전국민 공공AI,-0.014334698051332806,-0.02143050856184739,-0.01827734756897384,0.0008132250445493563
73,공공AI 실패,-0.005200364968189902,-0.03169342815372314,-0.03077766038644489,0.014690616002658233
73,공공AI 종합안,-0.03062584873216917,-0.11160057755189809,-0.10195112594862418,0.05162396377729801
73,공공AI+공교육,-0.024534515096659798,-0.06450661968978548,-0.057769737533984955,0.02405277228524353
73,공공AI+돌봄,-0.015252939785802555,-0.0937932438840818,-0.09064741137669863,0.027813669032688858
73,전국민 공공AI,-0.011441665525239689,-0.053672798832827676,-0.050743929107328944,0.0006687511174965355
74,공공AI 실패,-0.006464847910635563,-0.031176515745774916,-0.029612873215396046,0.014869094291001287
74,공공AI 종합안,-0.0405184127172382,-0.10876996555469313,-0.0969699026721336,0.052499333968039
74,공공AI+공교육,-0.03387295206513809,-0.0611933659829061,-0.05163277840656366,0.024851676536496302
74,공공AI+돌봄,-0.02040528503245788,-0.0943403445166184,-0.09038078413369885,0.028133352546017974
74,전국민 공공AI,-0.015260977178262677,-0.05369824852055509,-0.05005039604617953,0.0009314976375126571
75,공공AI 실패,-0.005394761631982187,-0.016154050610181492,-0.01490472965926104,0.014876537230576137
75,공공AI 종합안,-0.0319934147753143,-0.04791851352631368,-0.03801057003027819,0.052480755650253154
75,공공AI+공교육,-0.025735020729187846,-0.020378679612565606,-0.012729179367435478,0.024839330353315165
75,공공AI+돌봄,-0.01420481138383392,-0.05212395927047492,-0.04896198581104616,0.028107297668522047
75,전국민 공공AI,-0.012087012448241244,-0.027875799175098345,-0.02497590861233584,0.0009100832445081038
76,공공AI 실패,-0.003489003877365865,0.0018082653368428937,0.0026326786181891937,0.014901578948996796
76,공공AI 종합안,-0.03563826817499689,0.03065050103110281,0.04167996921179069,0.05252621464256516
76,공공AI+공교육,-0.02801514870010967,0.036702718660620554,0.04445763573997201,0.02488609603977432
76,공공AI+돌봄,-0.017927031926556633,-0.006731211901198582,-0.001835616639373372,0.028101834731970254
76,전국민 공공AI,-0.014469537638664001,0.0008041115673201107,0.0052072075119888594,0.0009055932801895761
77,공공AI 실패,-0.003958883447743103,0.0006200853934065498,0.0008674451297363828,0.014716030639642108
77,공공AI 종합안,-0.025512629010126978,0.02524021605583214,0.03234423831182335,0.051652805458654916
77,공공AI+공교육,-0.02082605407796198,0.03136701694706094,0.03642188072967356,0.024086440113029926
77,공공AI+돌봄,-0.014080445399119623,-0.008354404136708592,-0.00449269272563671,0.027793492213353067
77,전국민 공공AI,-0.011524686457804481,-0.0005976117725520411,0.0029189331581936095,0.0006521678754947881
78,공공AI 실패,-0.0007282426397002134,-0.01632373347051759,-0.016386236611003722,0.014362274389599769
78,공공AI 종합안,-0.021229023496521227,-0.04248243955157234,-0.03689562773599849,0.050111944005634824
78,공공AI+공교육,-0.015010435832970237,-0.019030208982473998,-0.016653889606655495,0.022664398429198762
78,공공AI+돌봄,-0.010557222976181259,-0.04565298745626183,-0.04403662267527099,0.02729673873694971
78,전국민 공공AI,-0.007468555232265826,-0.023922570232808672,-0.02229567007701635,0.0002438883058925776
79,공공AI 실패,-0.0032498815515433765,-0.016666535445139966,-0.016210610502712594,0.014715614888990572
79,공공AI 종합안,-0.0402476518703071,-0.04107581720395935,-0.029358549688648913,0.0516634892483309
79,공공AI+공교육,-0.03289049291942192,-0.01139066337048298,-0.0036357862838136273,0.024094386338351002
79,공공AI+돌봄,-0.02300037478591596,-0.05753052779653843,-0.051622160573938106,0.027804937233146032
79,전국민 공공AI,-0.020346929317269696,-0.03011489252421132,-0.024719633100651936,0.0006615744885877985
80,공공AI 실패,-0.004534131687789822,0.004987855849406968,0.005237516546226166,0.014553300555821158
80,공공AI 종합안,-0.02708995898470805,0.052105349824171775,0.05968291488166175,0.050931884043361055
80,공공AI+공교육,-0.021621968417294177,0.050297553977928906,0.055459513945157225,0.02342173950361326
80,공공AI+돌봄,-0.014002291170402525,0.007917439579867076,0.011565461838831573,0.027558448154974696
80,전국민 공공AI,-0.0107731058311505,0.010404236398744209,0.01382588178596525,0.00045898616353764153
81,공공AI 실패,-0.0025322913824898236,-0.02520122728629115,-0.02522548623280582,0.014389122885826056
81,공공AI 종합안,-0.024795232459980707,-0.07504200852057899,-0.06946178896095588,0.050237522933515764
81,공공AI+공교육,-0.019303013785463008,-0.039902170400418394,-0.03647332292984947,0.022779529002147414
81,공공AI+돌봄,-0.011830493751239624,-0.07116402523763474,-0.0686807997932661,0.027340420496901847
81,전국민 공공AI,-0.010410863742159077,-0.039088616445036466,-0.03663998159101089,0.00027979015862204283
82,공공AI 실패,-0.005962796747695509,0.01127487597052789,0.012550059254295476,0.014961737733879136
82,공공AI 종합안,-0.05412801434148677,0.0767120037951531,0.09377448200930193,0.05281387322114069
82,공공AI+공교육,-0.04151471913324434,0.07182526274336297,0.08294937185794236,0.025148522848033185
82,공공AI+돌봄,-0.027440717033908824,0.01795945437013919,0.024872332230632233,0.02820732197290802
82,전국민 공공AI,-0.021964567437703864,0.017182336636079452,0.023397314028508892,0.0009922927948875504
83,공공AI 실패,-0.0023573318231722984,-0.008850468122155536,-0.008809932496309382,0.014428256607939042
83,공공AI 종합안,-0.02028633977901318,-0.011811105654439297,-0.007519496476853529,0.05038243571525136
83,공공AI+공교육,-0.014882324301307079,0.0023444139651706275,0.005232047015505013,0.02291562249968404
83,공공AI+돌봄,-0.010188039634152678,-0.026823276687045268,-0.02492216560462229,0.027377291550558385
83,전국민 공공AI,-0.007903521010047265,-0.012311521917694995,-0.01045077942295814,0.0003100943208126372
84,공공AI 실패,-0.002435097780029427,-0.010768511798856439,-0.01039716241591293,0.014603979393587707
84,공공AI 종합안,-0.021389821719571142,-0.023245303100934596,-0.016290437149284978,0.05115966900153753
84,공공AI+공교육,-0.016452038706222083,-0.004252508312845047,0.0002032614229013005,0.02363114800838221
84,공공AI+돌봄,-0.009838407701861437,-0.035493044163287205,-0.03284825625127159,0.02763527516092264
84,전국민 공공AI,-0.007034810421563231,-0.017708567604200733,-0.015239680021849167,0.0005221299529870604
85,공공AI 실패,-0.0012416655516538644,0.001586892801746509,0.0013697444946167122,0.01451002680634465
85,공공AI 종합안,-0.021600955403106165,0.0343832536626799,0.04151117202942521,0.05070098689379746
85,공공AI+공교육,-0.015598273033445048,0.0375098440488945,0.040783104115371116,0.02321263943449181
85,공공AI+돌봄,-0.010342390700028736,-0.002151557192570805,0.0011793128007589878,0.027467320428007112
85,전국민 공공AI,-0.006712957489227289,0.003649185526457488,0.006762338079061738,0.0003840886723020711
86,공공AI 실패,-0.00272227645119634,-0.03212973971747125,-0.032179852082509675,0.014601960039825317
86,공공AI 종합안,-0.020988428191708694,-0.1162644393168887,-0.11076994914252707,0.05111881159933322
86,공공AI+공교육,-0.016276493754875235,-0.06822896046570459,-0.06462394306046626,0.023597077073611066
86,공공AI+돌봄,-0.010655383827736273,-0.09765198427624575,-0.09440022694495145,0.02760690276706168
86,전국민 공공AI,-0.008351942674346621,-0.05674548846379751,-0.053748362904738944,0.0004988108031382206
87,공공AI 실패,-0.003437616725384729,-0.0044732843852623785,-0.003548935027777131,0.014817102775156613
87,공공AI 종합안,-0.02861049816849444,0.002192028135359736,0.011590532960535402,0.05215389343842658
87,공공AI+공교육,-0.022999032304165168,0.01442952275172129,0.021023401695065932,0.02454234981434448
87,공공AI+돌봄,-0.012649136089983748,-0.019925805843014607,-0.01672783677240948,0.027982370436519667
87,전국민 공공AI,-0.010083042518267693,-0.007834904292091827,-0.004912867283908787,0.0008074060838310446
88,공공AI 실패,-0.008030445456914448,0.006483473864339423,0.008436764987120537,0.014954561446519226
88,공공AI 종합안,-0.05219318662838489,0.05795328188628342,0.07391295271595791,0.05287394996203876
88,공공AI+공교육,-0.042969107626966915,0.05720883647448001,0.06960627010586087,0.025197753448398846
88,공공AI+돌봄,-0.021991931481407517,0.008423818216682838,0.013988104146982011,0.028252666767396167
88,전국민 공공AI,-0.018040230272941105,0.011338345008464978,0.01642476193133169,0.001029561488629354
89,공공AI 실패,-0.004259581604219853,-0.027430836256881065,-0.02640009178359401,0.014636643345498856
89,공공AI 종합안,-0.03128316678338265,-0.09042039760970333,-0.08087221937466663,0.05145250636280626
89,공공AI+공교육,-0.026254165457604617,-0.049459605343671935,-0.04224610287685196,0.023886311665413294
89,공공AI+돌봄,-0.015200346317840799,-0.08109971788559009,-0.07799039314548376,0.027792778779021865
89,전국민 공공AI,-0.012315841099391087,-0.04540518072463658,-0.04247048125632347,0.00065158150685222
90,공공AI 실패,-0.0046919385825548166,-0.015449455780194188,-0.014457283943027699,0.014835783467091615
90,공공AI 종합안,-0.038298156364821964,-0.040642257692434465,-0.029015579164786143,0.05222978748057738
90,공공AI+공교육,-0.030477110781996483,-0.012732617907574219,-0.004256309495227734,0.02461278486563264
90,공공AI+돌봄,-0.019182598930121864,-0.053129538161066615,-0.04817122055692033,0.028005193008110364
90,전국민 공공AI,-0.015822478882690394,-0.027888178479155125,-0.023385611177429627,0.0008261638583589494
91,공공AI 실패,-0.004463018036275912,-0.004140264973192205,-0.003334115547602351,0.014816759621037309
91,공공AI 종합안,-0.030462020682260768,0.004350311128370449,0.013036851293510149,0.052137399279579166
91,공공AI+공교육,-0.024696399253371235,0.01653424798062459,0.023203259057638953,0.024528492480266485
91,공공AI+돌봄,-0.015636082786678968,-0.02044250651551849,-0.016737476132369408,0.027971346581821023
91,전국민 공공AI,-0.011245098906268666,-0.008089404049258366,-0.004718179146336279,0.0007983456245378804
92,공공AI 실패,-0.006354756476440904,-0.004543606398178482,-0.0035924453148155067,0.014996915314816246
92,공공AI 종합안,-0.04779854647384077,0.004844752303801693,0.019287897376896235,0.05297102832870566
92,공공AI+공교육,-0.03658824770013247,0.02110047252990817,0.030789221594660965,0.025294161663575822
92,공공AI+돌봄,-0.025009098895105303,-0.027482298674838555,-0.020866591054815697,0.02825546849041486
92,전국민 공공AI,-0.020705231909356192,-0.011745436089392158,-0.005833000799520677,0.0010318642128629048
93,공공AI 실패,-0.004994871392231093,0.006393706655078504,0.007584715855193547,0.014994480476375563
93,공공AI 종합안,-0.042026670860974766,0.052068977670062154,0.0641683094177192,0.05296463911191781
93,공공AI+공교육,-0.034363344737984594,0.05255325147856084,0.062223195479545815,0.025287153366210936
93,공공AI+돌봄,-0.02118031099070411,0.004918875497371446,0.010617262143738482,0.028258056699690427
93,전국민 공공AI,-0.01667670971541091,0.008378199418989797,0.013496646461268996,0.0010339914510590527
94,공공AI 실패,-0.003874440419823308,-0.009603893535920307,-0.008793388518978151,0.014801189257800865
94,공공AI 종합안,-0.03485013573934406,-0.016438058447541874,-0.006038559206022698,0.05206468870963121
94,공공AI+공교육,-0.02726528888230402,0.0034848841307658206,0.010969945920055693,0.02446186167867459
94,공공AI+돌봄,-0.018443212188083008,-0.03650354201978545,-0.03197948351797736,0.027945928706603985
94,전국민 공공AI,-0.013406654757392583,-0.017688197808893396,-0.013574937348808963,0.0007774547809972585
95,공공AI 실패,-0.0033623779490980638,-0.02161160531547589,-0.021156844694708847,0.014306706683210508
95,공공AI 종합안,-0.028157577336534893,-0.057964566798831926,-0.051192065389258905,0.05003658687324523
95,공공AI+공교육,-0.020220746870152087,-0.028100191111375277,-0.02346643716727268,0.02255994106097122
95,공공AI+돌봄,-0.011404222350396245,-0.059093937425027,-0.057075849546646094,0.027418398991091813
95,전국민 공공AI,-0.009925351660265896,-0.03119989102406868,-0.02913335365121094,0.00034388035136049665
96,공공AI 실패,-0.0025213302540831595,-0.017886510955509458,-0.01763149534122207,0.014511212413069557
96,공공AI 종합안,-0.022297480834319552,-0.0532439174077992,-0.046688464791177706,0.05075938820562357
96,공공AI+공교육,-0.015855423907164393,-0.02595390926685199,-0.022287354318269503,0.023261954633563325
96,공공AI+돌봄,-0.010563177777871038,-0.05310586512116661,-0.05101141150460965,0.02750530702004128
96,전국민 공공AI,-0.008319811961816762,-0.02879494745261748,-0.026793647743977356,0.00041530969074095835
97,공공AI 실패,-0.0014368814031465726,0.0069603340290845805,0.006536382337643823,0.014489301231195479
97,공공AI 종합안,-0.021031688292824646,0.05655213674113624,0.06353774957254432,0.05059520025331251
97,공공AI+공교육,-0.013578219738969527,0.05288670120931199,0.05538701711224974,0.02311675191776741
97,공공AI+돌봄,-0.009641636990212449,0.012408810315099661,0.015653485768657792,0.027425934855765534
97,전국민 공공AI,-0.006983358351101282,0.012604655135450782,0.015633462119132642,0.00035007404648638475
98,공공AI 실패,-0.005053626253165772,-0.018007274489888557,-0.016836067521424775,0.014901707111476462
98,공공AI 종합안,-0.0378250864407135,-0.053593697604562625,-0.04216223393467747,0.052539096395548615
98,공공AI+공교육,-0.03128436262746952,-0.022345042219256546,-0.013654005769077576,0.024896061688186217
98,공공AI+돌봄,-0.016874987618306456,-0.06002951909174437,-0.055393436954983666,0.028114026180357705
98,전국민 공공AI,-0.01353115837934378,-0.03242365044993987,-0.028224661273585888,0.0009156133797700115
99,공공AI 실패,-0.0018416870456957196,-0.02206818601821857,-0.02233651650923798,0.014533786632491979
99,공공AI 종합안,-0.02069241054165949,-0.06875546157173407,-0.06319348309238636,0.05080437184618214
99,공공AI+공교육,-0.015562023096932803,-0.03435185364342053,-0.03108851221183395,0.02330827950572652
99,공공AI+돌봄,-0.010994912950864993,-0.06916959565639885,-0.06563007647341065,0.027499699691675317
99,전국민 공공AI,-0.0074324900280208495,-0.03846546467369859,-0.0351738686851803,0.00041070105140443135
100,공공AI 실패,-0.0013757791077044085,0.007153259557231367,0.00641811525221412,0.014362044576544886
100,공공AI 종합안,-0.02274858628078294,0.06556395625869343,0.07023713422858507,0.050031392636471494
100,공공AI+공교육,-0.016593617818821543,0.0587966392040678,0.06021908185520241,0.022597089114031833
100,공공AI+돌봄,-0.013122505670222509,0.016935134994881085,0.019802544407550672,0.027241377273092428
100,전국민 공공AI,-0.009882206022129969,0.01605698722280413,0.018846278994740985,0.00019838695419623553
101,공공AI 실패,-0.0037939365014032084,-0.015311269084864885,-0.014919866559382586,0.014708125770510689
101,공공AI 종합안,-0.026268963744460416,-0.04297397839086835,-0.03550338794724517,0.0516225011921985
101,공공AI+공교육,-0.022035219484730223,-0.016364674001685044,-0.01094804804378885,0.024057596328594423
101,공공AI+돌봄,-0.014280899697598229,-0.05156348073692356,-0.047844940451889514,0.02778738633109027
101,전국민 공공AI,-0.01119260726192775,-0.027587604649375486,-0.024187482583046482,0.000647149476830939
102,공공AI 실패,-0.007020346723096288,0.0013835160358875997,0.0029520797964194545,0.014928594171475294
102,공공AI 종합안,-0.04708227208069522,0.03380908506043602,0.04767773260808514,0.05268634891181574
102,공공AI+공교육,-0.03904012219775786,0.039738485499494554,0.05052315755513784,0.02502976958328066
102,공공AI+돌봄,-0.02244828888844934,-0.006211327882192613,-0.0008449674227800907,0.028170652596147
102,전국민 공공AI,-0.017671581642809964,0.0018304589157193962,0.006708697927819723,0.0009621543900794789
103,공공AI 실패,-0.0038020239752436236,0.004596562989783956,0.00521107040502386,0.014917659002406011
103,공공AI 종합안,-0.04157970814012671,0.044905672232599385,0.057248319636856365,0.05259587190585072
103,공공AI+공교육,-0.03237651673775607,0.04882416207554393,0.05731250692491578,0.02495099152719782
103,공공AI+돌봄,-0.021647679444348172,-0.0023187767733106094,0.004119358140353191,0.02812174243528779
103,전국민 공공AI,-0.017735309888065737,0.00396777305935383,0.009739491126148886,0.0009219553368803313
104,공공AI 실패,-0.0054185606068562625,-0.02623103109643974,-0.025837934176668076,0.01460335302734576
104,공공AI 종합안,-0.030805695022289803,-0.08402405138147856,-0.0735826246180724,0.051161008253164275
104,공공AI+공교육,-0.024218679549700542,-0.04364248549315501,-0.03773527070231804,0.02363205877140099
104,공공AI+돌봄,-0.016099055220435976,-0.07958714475199337,-0.0755656793764465,0.027637066556471173
104,전국민 공공AI,-0.012361323773351751,-0.04430891355841639,-0.040575532343791354,0.0005236022933696374
105,공공AI 실패,-0.004963622154673136,-0.017856995172693124,-0.016353977517530233,0.015002619416230267
105,공공AI 종합안,-0.03897638549109202,-0.053288845868127724,-0.040786314417397884,0.053015225141813595
105,공공AI+공교육,-0.032693653988799684,-0.02193573618794853,-0.01204536081815663,0.02533202259620434
105,공공AI+돌봄,-0.017669737185386378,-0.059902091133180166,-0.05508038352446404,0.028281957101490764
105,전국민 공공AI,-0.01283458851390265,-0.032293709849399097,-0.027939209380760083,0.00105363508965221
106,공공AI 실패,-0.005184102066928181,-0.001149501610049633,5.707095889911917e-05,0.015008347592590841
106,공공AI 종합안,-0.037711066102090074,0.016935387178026166,0.02917664382027163,0.05303035111410019
106,공공AI+공교육,-0.030517581456445786,0.0269249853115855,0.03572716318554542,0.02534715864527855
106,공공AI+돌봄,-0.016172246062863396,-0.014411266119143076,-0.009637078288233125,0.028281914973153355
106,전국민 공공AI,-0.013066879725372335,-0.0040308419832619236,0.00025070670840732223,0.0010536004645509411
107,공공AI 실패,-0.0006109394371908161,-0.020161455959329333,-0.021288424056308652,0.014445387808102079
107,공공AI 종합안,-0.019461467228018323,-0.060761448801336854,-0.05803252298865609,0.05037088836882675
107,공공AI+공교육,-0.013721387520080161,-0.028655579462957187,-0.028211350004231778,0.022913821763839787
107,공공AI+돌봄,-0.01045744479919776,-0.06547859581864107,-0.061951351428352036,0.027336543594877583
107,전국민 공공AI,-0.008095629465527429,-0.036409420178525664,-0.03311542143942516,0.00027660374933646814
108,공공AI 실패,-0.004416550380868259,-0.0028571927200055497,-0.0015813044276160315,0.014876432766288064
108,공공AI 종합안,-0.03465266263598578,0.011489552018480523,0.02184691885720505,0.052451481139144066
108,공공AI+공교육,-0.02885548871956961,0.021893167557491468,0.030230944650869118,0.02481403840969761
108,공공AI+돌봄,-0.017035213368175872,-0.016145173724010115,-0.012345472024167498,0.028090647625688615
108,전국민 공공AI,-0.013602444674600936,-0.005075827372939684,-0.0016027203202800822,0.0008963986451146662
109,공공AI 실패,-0.005281521004686082,-0.0001651221585503293,0.001266830185662704,0.014921265623788482
109,공공AI 종합안,-0.034791005820786466,0.021433684742100834,0.032425729872351094,0.052743910193009134
109,공공AI+공교육,-0.028527402226651608,0.028305852339276585,0.036527024443032685,0.02507589718605844
109,공공AI+돌봄,-0.01709966844585814,-0.0077181955749451026,-0.004583698172428041,0.028218453728397673
109,전국민 공공AI,-0.012648326911501126,7.847773733329899e-05,0.0029555952312154687,0.0010014419373819798
110,공공AI 실패,-0.0076705106896202135,-0.009572121250165155,-0.007972669821227824,0.014924723327380226
110,공공AI 종합안,-0.05100577835500854,-0.012556099717368013,0.002124812476420268,0.05266862974591646
110,공공AI+공교육,-0.041979218886458974,0.007933876968878512,0.01918397470336844,0.025013509527405588
110,공공AI+돌봄,-0.025037974607019092,-0.03692121177212625,-0.031195504520048295,0.028164552449833326
110,전국민 공공AI,-0.020211055194661265,-0.01725598942756608,-0.012050791829350205,0.0009571407057677641
111,공공AI 실패,-0.0015494547709499207,-0.028147284127393604,-0.028366914936771757,0.01443894454700482
111,공공AI 종합안,-0.018447214806348644,-0.09812877675278361,-0.093822931308178,0.050376996474328285
111,공공AI+공교육,-0.012908405456603711,-0.05781775408004004,-0.05579397940623376,0.022914963197919896
111,공공AI+돌봄,-0.008377893239654377,-0.08197442211949035,-0.07997469533101233,0.027357307911384982
111,전국민 공공AI,-0.006450439436901059,-0.047215059588469825,-0.04529699077759888,0.00029366985276491064
112,공공AI 실패,-0.0052780553672009956,0.0008917592852619935,0.0020398537204964207,0.014852400887644574
112,공공AI 종합안,-0.04179537964435538,0.031642337736425,0.04570763948894764,0.05231227808328143
112,공공AI+공교육,-0.033609100179711415,0.03860855347998501,0.04807208539935974,0.024687948729828157
112,공공AI+돌봄,-0.019589600402528537,-0.007904071722207341,-0.002445629815419126,0.028035824129931254
112,전국민 공공AI,-0.01621912071035378,0.0007690032383493098,0.005721952382566203,0.0008513394471116494
113,공공AI 실패,-0.00221139167194101,9.359868871172683e-05,-0.0006348297945935819,0.014416177193388762
113,공공AI 종합안,-0.01950875583048109,0.02620289504363335,0.030571128328739303,0.050247727386355225
113,공공AI+공교육,-0.013263589949708304,0.030418671715642526,0.03142517644640848,0.022799064598272672
113,공공AI+돌봄,-0.010711015726206072,-0.005691126231328364,-0.0030212506958954624,0.02730140949816266
113,전국민 공공AI,-0.008586488076365834,0.0008832123010935611,0.003409888588033483,0.00024772718466910737
114,공공AI 실패,-0.006426781961954009,0.008676737743278151,0.010543648416059037,0.014894485762138995
114,공공AI 종합안,-0.04828216917699846,0.06629500311225944,0.0805513060497717,0.05268016908638806
114,공공AI+공교육,-0.03965138059050517,0.062037641478407776,0.07311219881643369,0.02500824355753199
114,공공AI+돌봄,-0.022069301792331464,0.01604528712501943,0.020513021884119742,0.028234810929487396
114,전국민 공공AI,-0.01605685246570228,0.01592649715045774,0.0200487244379354,0.0010148858513915338
115,공공AI 실패,-0.008257900364607149,0.009605534142457406,0.01127223240929226,0.014841352692796109
115,공공AI 종합안,-0.04471898370193668,0.07037893395340514,0.08325696509684369,0.052403052613469704
115,공공AI+공교육,-0.03685282907400497,0.06442327689291402,0.07473790835033928,0.024758681985647867
115,공공AI+돌봄,-0.021549207709907606,0.018964866763583596,0.023260131769876652,0.02811961130425541
115,전국민 공공AI,-0.015607497220922681,0.01765717620443312,0.021630030796300714,0.0009202037693484631
116,공공AI 실패,-0.0022318347821528098,-0.025545208062715832,-0.0256628479683468,0.014160849101038542
116,공공AI 종합안,-0.01860763753234901,-0.07690234813965811,-0.0734069169557397,0.0493490319043545
116,공공AI+공교육,-0.01435382983693867,-0.044300146889226476,-0.042598909454157244,0.02193223143971712
116,공공AI+돌봄,-0.009680969401416342,-0.0664603069023671,-0.0656200621090469,0.027168201699109457
116,전국민 공공AI,-0.008182269561118262,-0.036653649730175666,-0.0356472080294045,0.00013824426114972255
117,공공AI 실패,-0.0016251753828721988,-0.024109211926227996,-0.024234647498531957,0.01428543816700123
117,공공AI 종합안,-0.01702453945109169,-0.07920341078972293,-0.07558740293526921,0.04979396639813456
117,공공AI+공교육,-0.01197272812268748,-0.0468236194210983,-0.045385210917881474,0.02236823646420568
117,공공AI+돌봄,-0.00776412331788353,-0.06558234138537009,-0.06470915165899538,0.027205533406983323
117,전국민 공공AI,-0.0057427490127261865,-0.037112882416952216,-0.03616401668895707,0.00016892703308220725
118,공공AI 실패,-0.0013643332767439564,-0.028013063170262247,-0.028105517837758585,0.014512546502173485
118,공공AI 종합안,-0.018682766623216537,-0.09852287549798873,-0.09361878704729214,0.050711222271043035
118,공공AI+공교육,-0.013084260738453465,-0.057389973948377984,-0.05465270487198635,0.023222195570517044
118,공공AI+돌봄,-0.008024698837879637,-0.08333289610425718,-0.08093795136382281,0.02747016015274125
118,전국민 공공AI,-0.006317505588292152,-0.04800950978511449,-0.04575843710842564,0.00038642262998397035
119,공공AI 실패,-0.0028052642000520878,-0.015746413383267308,-0.016079040466402097,0.014580690348236577
119,공공AI 종합안,-0.025859015896157217,-0.04022366736062054,-0.03309326176290915,0.05101884207812575
119,공공AI+공교육,-0.019145840665492644,-0.01278017468138963,-0.00888771051491306,0.023505526052161906
119,공공AI+돌봄,-0.014615118477150177,-0.05393094611674713,-0.049443474226568654,0.02757170728528565
119,전국민 공공AI,-0.011199110371630142,-0.028570820391967552,-0.02444136406678558,0.00046988378635026695
120,공공AI 실패,-0.002733563258803459,-0.006958102356473816,-0.0064647964896003135,0.014362160743144337
120,공공AI 종합안,-0.023395230893014762,-0.0033687202470782844,0.0021442725064342583,0.05028801662678269
120,공공AI+공교육,-0.017651259340288758,0.008046477887923988,0.01202841579289602,0.022792493108571194
120,공공AI+돌봄,-0.009499679000419967,-0.01998720311188597,-0.01854087583450474,0.02749732159896275
120,전국민 공공AI,-0.007530610487670286,-0.007827078402724588,-0.006355470263803689,0.0004087465071178631
121,공공AI 실패,-0.007304185384041734,-0.01872074093470906,-0.017091683029586496,0.014813785418015665
121,공공AI 종합안,-0.04540932893246459,-0.04969932844294754,-0.03567097217989046,0.052238652481779724
121,공공AI+공교육,-0.03769727448595424,-0.01836724968417712,-0.007449301036037775,0.02461284752126488
121,공공AI+돌봄,-0.021125468166533865,-0.060017213716705695,-0.05501177468641752,0.02804199324591783
121,전국민 공공AI,-0.014789816108610285,-0.03151685488461835,-0.026895085123910673,0.0008564098173043933
122,공공AI 실패,-0.001265174632873567,-0.020228253723936385,-0.020434746992827896,0.014258006994268343
122,공공AI 종합안,-0.01539482604416087,-0.06231719957562975,-0.05953466382634749,0.049662670445783916
122,공공AI+공교육,-0.010785323141374016,-0.03556396186796229,-0.03448998199075163,0.02224824700363348
122,공공AI+돌봄,-0.007323268440372788,-0.054287335026612,-0.0535345583109294,0.027158264007831612
122,전국민 공공AI,-0.005719758238389827,-0.030167536592666702,-0.02932338253708256,0.00013007651495255956
123,공공AI 실패,-0.007070213539203424,-0.016730818694602106,-0.015210128880717155,0.014986393551686074
123,공공AI 종합안,-0.05575162197126113,-0.042558039119773364,-0.026169322593288608,0.05293371970010623
123,공공AI+공교육,-0.04394286451247276,-0.011258109205671163,0.0011298605892864355,0.02525776720007215
123,공공AI+돌봄,-0.02806184428162181,-0.05992027166856502,-0.05260940880999512,0.028251646612182567
123,전국민 공공AI,-0.023268120323714225,-0.03147730438685774,-0.02488127612165128,0.0010287230273979472
124,공공AI 실패,-0.004764588472676606,-0.027861836911501507,-0.027339432811262207,0.01476166021852295
124,공공AI 종합안,-0.02601387845467315,-0.09931180675625387,-0.09182032653989798,0.05187262002925538
124,공공AI+공교육,-0.021156356296415935,-0.05613042382305962,-0.05056827168327628,0.024286842878144532
124,공공AI+돌봄,-0.013945536196457872,-0.08637664734690904,-0.08289570236121703,0.02787464774769029
124,전국민 공공AI,-0.010287679568541416,-0.04962535378607267,-0.04645486909233039,0.0007188692640185401
125,공공AI 실패,-0.005419770927544726,-0.03187802867791091,-0.030627753896672993,0.014988074969278566
125,공공AI 종합안,-0.0377650755592424,-0.11551907196305114,-0.10436433023354794,0.05293785717718029
125,공공AI+공교육,-0.031943556507624773,-0.06564406135167744,-0.05675545362471157,0.025261988755254355
125,공공AI+돌봄,-0.016764073289529807,-0.09938224549495081,-0.0947111121986152,0.028251295104241108
125,전국민 공공AI,-0.012908111938585806,-0.05728006957888898,-0.05307400831611647,0.0010284341245157744
126,공공AI 실패,-0.008195075832810761,-0.002431153879255188,-0.0006353437541756213,0.014938128034546637
126,공공AI 종합안,-0.047222872333657365,0.017665651737319252,0.032074098235542775,0.05278693406153527
126,공공AI+공교육,-0.04020300555204273,0.02833813046464992,0.039653791368358504,0.025118814883045903
126,공공AI+돌봄,-0.022551286959027153,-0.01591018006807654,-0.010883575932123718,0.028218897603027093
126,전국민 공공AI,-0.016323835670793096,-0.004168298822482236,0.0004262863022137797,0.0010018067560519928
127,공공AI 실패,-0.002624969539142888,-0.01188004506593146,-0.012384134127768561,0.014499665994229286
127,공공AI 종합안,-0.024999610493331798,-0.020976132020048735,-0.01313806140073594,0.05064739819419758
127,공공AI+공교육,-0.016773459072409416,0.0005419284155819271,0.00364949052605284,0.023164131906726466
127,공공AI+돌봄,-0.012439771494838353,-0.040959167738446586,-0.036836832053456385,0.02744607741608855
127,전국민 공공AI,-0.009604859843499236,-0.020230287425661103,-0.016389992739888642,0.00036662913115107897
128,공공AI 실패,-0.0026885191517171114,-0.018427122839132542,-0.017730586845545848,0.014647651811984314
128,공공AI 종합안,-0.021888035732606406,-0.0579921330350093,-0.05092308439179198,0.051432572378178075
128,공공AI+공교육,-0.017322098964151204,-0.029249965107713386,-0.024194955302425283,0.023876517191099254
128,공공AI+돌봄,-0.009513782084538014,-0.05577526087567225,-0.05362658915724776,0.02775038821529711
128,전국민 공공AI,-0.0077871989805495395,-0.03057322945364645,-0.028549316958840068,0.0006167408828104595
129,공공AI 실패,-0.0028673611607539506,0.00046809996136065735,-0.0002511339816224367,0.014575846978921819
129,공공AI 종합안,-0.03236160378442568,0.03305108681067226,0.04167207649620615,0.05099235161847693
129,공공AI+공교육,-0.02468587569289174,0.04047525968391785,0.044184418398824435,0.02348181666467375
129,공공AI+돌봄,-0.01897798414119084,-0.011222270915947269,-0.005566614486267697,0.027560080371066425
129,전국민 공공AI,-0.01461684716543879,-0.0013006018561574906,0.003888904229599104,0.00046032767500163007
130,공공AI 실패,-0.0056500287446826225,-0.009947857180287456,-0.008577677112290405,0.014983796128986555
130,공공AI 종합안,-0.04564921775842855,-0.017962524674248054,-0.002223582951279557,0.05291925500850185
130,공공AI+공교육,-0.03598319454280681,0.004364251942925751,0.014654946463629331,0.02524475357359013
130,공공AI+돌봄,-0.020891935715597998,-0.03927618279826614,-0.03353031896024805,0.028245580099438523
130,전국민 공공AI,-0.017467867139418086,-0.019052673311657012,-0.013888875222068442,0.00102373698637407
131,공공AI 실패,-0.000895521121250839,-0.03159139275862277,-0.032359123593698066,0.014388679430599405
131,공공AI 종합안,-0.017092431664054858,-0.11338653448359465,-0.11041182989550312,0.05011400304789152
131,공공AI+공교육,-0.011544724048529173,-0.06814920498094527,-0.06775991041043007,0.022677189312344487
131,공공AI+돌봄,-0.009330514067157361,-0.09306894115579582,-0.09088946852755408,0.027251871798507854
131,전국민 공공AI,-0.007019122478764156,-0.054345834853277444,-0.05226772492016236,0.00020701236000286727
132,공공AI 실패,-0.003200717390872951,-0.026498610034436803,-0.02609313260972989,0.014307943651431693
132,공공AI 종합안,-0.026556685272345046,-0.08115170293056342,-0.07477731122874842,0.05003526947113916
132,공공AI+공교육,-0.018929563848583873,-0.044818105262422275,-0.040585435361701665,0.022560888072079045
132,공공AI+돌봄,-0.011474595994386758,-0.07275980303349269,-0.0709468880061831,0.02740893208887818
132,전국민 공공AI,-0.010105707712594801,-0.04004899503664322,-0.038185257021245846,0.00033609954469304704
133,공공AI 실패,-0.0012023176015015097,0.004404109251375021,0.0036831760704959457,0.014443149537617161
133,공공AI 종합안,-0.01918568171814626,0.04689986633906229,0.05033323759753485,0.05037578349144378
133,공공AI+공교육,-0.013956621937267155,0.04566220206498875,0.047164797987617864,0.022916162578451416
133,공공AI+돌봄,-0.010902070219781651,0.00516881794142543,0.008330067429046288,0.027347222469193744
133,전국민 공공AI,-0.008168724126893817,0.007984590597011176,0.010963804181771244,0.00028538067072074024
134,공공AI 실패,-0.0011745545324565732,-0.001043775234756586,-0.0012281523546361119,0.014417555616204392
134,공공AI 종합안,-0.018284215623696427,0.018442422224645177,0.02317222753798856,0.05028722105339556
134,공공AI+공교육,-0.012871359704509318,0.02284417842388617,0.024679582641270487,0.0228318105866158
134,공공AI+돌봄,-0.009107531544824264,-0.005668058136065107,-0.0039970753275253255,0.02732961972675796
134,전국민 공공AI,-0.006709205561040141,0.00045920963878659515,0.002081164154279629,0.0002709130515755973
135,공공AI 실패,-0.0010114832483113095,-0.013110947186397298,-0.013482477940646637,0.014426787525420964
135,공공AI 종합안,-0.02291434862844835,-0.025410485242442965,-0.019010988442301424,0.05033232011681099
135,공공AI+공교육,-0.017257830172642832,-0.004451636498057798,-0.0018287174005724958,0.022872969432611558
135,공공AI+돌봄,-0.01154392057867877,-0.04048273447023333,-0.037479071386767523,0.0273460927153385
135,전국민 공공AI,-0.008332827356548014,-0.020085829958393336,-0.01721430645153697,0.00028445213083176137
136,공공AI 실패,-0.005168535192690782,0.004473381392587197,0.005821823134740778,0.01484186304807722
136,공공AI 종합안,-0.03251600386198207,0.04255501383004853,0.05257601612066874,0.0524060969222601
136,공공AI+공교육,-0.0268155013184906,0.042816381528692965,0.050706766106625584,0.024761371179163626
136,공공AI+돌봄,-0.01562367925166358,0.005694049265672879,0.008671001722157928,0.02812109594564438
136,전국민 공공AI,-0.012380746843826243,0.008517148030699431,0.011274693510778477,0.0009214239897920029
137,공공AI 실패,-0.0017213143864262398,-0.03314921796240772,-0.03350902863773333,0.01444547863182403
137,공공AI 종합안,-0.01738704262994964,-0.12048725317491454,-0.11671558712916237,0.05039253140221526
137,공공AI+공교육,-0.012299707619217712,-0.07318395840858756,-0.07149014668495124,0.022930771842665638
137,공공AI+돌봄,-0.008863574243089395,-0.09700770810931388,-0.09483890561772215,0.027356163574864405
137,전국민 공공AI,-0.006660885461369309,-0.0567247677692224,-0.0546640599336423,0.000292729327445433
138,공공AI 실패,-0.0057895090927849585,-0.010927511704913961,-0.009915779274676517,0.014478367118400375
138,공공AI 종합안,-0.030463500555135532,-0.01605639955787895,-0.007252473529337833,0.05083956813340625
138,공공AI+공교육,-0.026270899559850888,0.002020371518582441,0.008822693242608065,0.023294896937616848
138,공공AI+돌봄,-0.015336519341591331,-0.03295896486373909,-0.03035357225649596,0.02770279481154806
138,전국민 공공AI,-0.012538597732008924,-0.014990140777799449,-0.012454717312931907,0.0005776240666802348
139,공공AI 실패,-0.0036968325537882207,0.006384401059104022,0.0070001228668521015,0.014720336261598743
139,공공AI 종합안,-0.040630772566819476,0.05999358047474038,0.07129301094205828,0.0516919991009757
139,공공AI+공교육,-0.032788365630886246,0.058966180062363954,0.06732828788004433,0.024119850074931042
139,공공AI+돌봄,-0.023007215136972903,0.006921122627758486,0.012868678147568896,0.027817672224595448
139,전국민 공공AI,-0.019235711119117344,0.010378244455417403,0.015824974133888683,0.0006720413238993084
140,공공AI 실패,-0.0015005690122363094,0.0021879951157723343,0.002002888099735159,0.014257266232309052
140,공공AI 종합안,-0.015825953247464202,0.03477673129949531,0.038295787299533667,0.04966905355229756
140,공공AI+공교육,-0.01122630014887186,0.03228998811386344,0.03341926259060501,0.022252821766381103
140,공공AI+돌봄,-0.007184175704486907,0.008079519806008295,0.008816051203156053,0.027165824206428248
140,전국민 공공AI,-0.00559911282709008,0.00897938153403445,0.009807908546156152,0.00013629021002633168
141,공공AI 실패,-0.005101785263000896,-0.003808859552485361,-0.0023400187380154536,0.014980024447338923
141,공공AI 종합안,-0.03519194903611879,0.0053802844228088426,0.016889463064161614,0.05295263671723467
141,공공AI+공교육,-0.029277956901532065,0.017465182997803835,0.02612356109995073,0.02527274470550267
141,공공AI+돌봄,-0.01680689090801203,-0.018755799890085537,-0.015188656076045304,0.028268116650331278
141,전국민 공공AI,-0.013544360314964934,-0.00682979907038124,-0.003585674887931767,0.00104225968170657
142,공공AI 실패,-0.003250481056353685,-0.025865433776419387,-0.025100337671306205,0.014895194302797954
142,공공AI 종합안,-0.03111278480262389,-0.09104265297435425,-0.08124273938121415,0.05249546214341764
142,공공AI+공교육,-0.025168138316035496,-0.0491289340314397,-0.0421652225528161,0.02485807300724644
142,공공AI+돌봄,-0.015615164782637428,-0.08275449307883125,-0.07849381814372094,0.028090423566628754
142,전국민 공공AI,-0.012228343459719807,-0.04715087428594478,-0.04331728861680348,0.0008962144919263029
143,공공AI 실패,-0.0004288981796185809,-0.00501831869035782,-0.0060291296756186386,0.014390690145066554
143,공공AI 종합안,-0.017118515038509446,0.0034915865483139408,0.005307349691025906,0.05011866434057347
143,공공AI+공교육,-0.011735555066288803,0.014225088234713829,0.01423641755559868,0.022682114749282205
143,공공AI+돌봄,-0.009654410326363383,-0.0207303187661243,-0.01812040724409105,0.02725076748246502
143,전국민 공공AI,-0.007580709388009144,-0.008783863992286117,-0.006306926782685976,0.0002061047273436145
144,공공AI 실패,-0.001406271156005487,-0.00930638970156733,-0.009769695954234787,0.014412232702780359
144,공공AI 종합안,-0.017481120522504,-0.016571248159051005,-0.012774604260513637,0.05023794569428012
144,공공AI+공교육,-0.012135764131363802,-0.0008830709196223641,0.000402529547559094,0.022789026079299484
144,공공AI+돌봄,-0.009387497842536341,-0.03019732290376574,-0.0281381846386258,0.027302483222302037
144,전국민 공공AI,-0.006618855858259873,-0.014842213889588382,-0.012871137559230257,0.00024860967397277766
145,공공AI 실패,-0.004940430876304733,-0.02325434692172115,-0.02289423525787311,0.014672040504327983
145,공공AI 종합안,-0.028070898543821762,-0.07650888725219734,-0.06708849216931792,0.051457905757536206
145,공공AI+공교육,-0.02172441286303879,-0.03933131055477379,-0.03399727229044287,0.023906246147060196
145,공공AI+돌봄,-0.013998509866213052,-0.07278373282308581,-0.06907952455580277,0.027732011492525466
145,전국민 공공AI,-0.01092309601987014,-0.0407019634066348,-0.03730724718172969,0.0006016371325192615
146,공공AI 실패,-0.004932268523761135,-0.0015746757506351905,-0.0004997219578304068,0.014587491811642945
146,공공AI 종합안,-0.028327270572026893,0.01990784527686556,0.028381133396102917,0.051319948505843205
146,공공AI+공교육,-0.024596510148859926,0.026532520164996923,0.033251140267473264,0.023743668254048313
146,공공AI+돌봄,-0.013360567539302287,-0.008508282968944167,-0.0060323653527543375,0.02783494376759943
146,전국민 공공AI,-0.00956999544795939,-0.00017131506724873957,0.002198115625795888,0.0006862367316395508
147,공공AI 실패,-0.0054737516201188025,0.0018092936914940044,0.0031282304910582592,0.014778545400765694
147,공공AI 종합안,-0.035606940791253774,0.033739864006818776,0.043821973804540254,0.05209668206535378
147,공공AI+공교육,-0.029024256419305797,0.03723096534690138,0.045474671498390656,0.024479880817904608
147,공공AI+돌봄,-0.016779828640494876,-0.0015949363379921255,0.001759284161756025,0.028004351144806115
147,전국민 공공AI,-0.013066243460608404,0.004234193314832324,0.007353127452581543,0.0008254719344896379
148,공공AI 실패,-0.0022010541176156334,-0.007559398364738845,-0.006872075553612314,0.014571485860364016
148,공공AI 종합안,-0.021043897621202734,-0.009901377081092434,-0.0032681488874535536,0.05116052152095363
148,공공AI+공교육,-0.016221522369847398,0.003972655940259286,0.008794657809255507,0.023616642180124013
148,공공AI+돌봄,-0.008025293303165003,-0.024469587146420745,-0.022622383654593195,0.0276994842790782
148,전국민 공공AI,-0.0059929358252261075,-0.010892908658170962,-0.009116834644650906,0.0005749031541226746
149,공공AI 실패,-0.0017959130425107273,-0.018392030208077795,-0.01889741619159523,0.014595452766830903
149,공공AI 종합안,-0.025881487595254063,-0.05404098992484235,-0.04529385609726064,0.05107851045295475
149,공공AI+공교육,-0.017871895957608283,-0.021888433412185798,-0.01852934033298553,0.02356162438422053
149,공공AI+돌봄,-0.014246901240470108,-0.06246933420088653,-0.05785586813356433,0.027586632673284577
149,전국민 공공AI,-0.010497876156975797,-0.034074649248137495,-0.02986078185500177,0.0004821508992699135
150,공공AI 실패,-0.004738776092666097,-0.014727720038317946,-0.013633318319336729,0.01494110464234703
150,공공AI 종합안,-0.03749152005668911,-0.040176434790317406,-0.028811671159143015,0.052715768065562885
150,공공AI+공교육,-0.03079824959659906,-0.012610379402532637,-0.00388897701675206,0.025058884188759383
150,공공AI+돌봄,-0.018168879973872523,-0.052305232320456474,-0.047311461660891674,0.02817192583049296
150,전국민 공공AI,-0.013536954258366471,-0.027643215004983665,-0.02314486660669718,0.0009632008559734579
151,공공AI 실패,-0.00357215739849287,-0.011655169717307623,-0.011910875231104331,0.014605339866718376
151,공공AI 종합안,-0.027965864106115873,-0.022976509619527796,-0.01510737756238148,0.05113358728434576
151,공공AI+공교육,-0.020237091474959792,-0.0005350245414287996,0.003708502945655393,0.02361076490669045
151,공공AI+돌봄,-0.015982728622787948,-0.04297303538065329,-0.03834616285306954,0.027611450783214773
151,전국민 공공AI,-0.01199496997274567,-0.021690316307933832,-0.017446974579325515,0.0005025487982721613
152,공공AI 실패,-0.004706746306847059,-0.007682344197470402,-0.007325736680296471,0.01468678391895221
152,공공AI 종합안,-0.02656987543460093,-0.010518836043450691,-0.0012848338216331495,0.051523793766227066
152,공공AI+공교육,-0.020242841686171256,0.006285226580110024,0.01140156611644267,0.02396700363276605
152,공공AI+돌봄,-0.012890609861932217,-0.02959211552001799,-0.026078754739908658,0.027753460828321565
152,전국민 공공AI,-0.010120822327476076,-0.013821161099273121,-0.010608983979237152,0.0006192662503878461
153,공공AI 실패,-0.002401839691796692,0.0069025928264675115,0.007576515215089327,0.014846145336919192
153,공공AI 종합안,-0.03474157944938752,0.05297724338493502,0.06469535409624178,0.05226576452616538
153,공공AI+공교육,-0.027822189472643352,0.05241454025464265,0.059628010662414965,0.02464755993623772
153,공공AI+돌봄,-0.01871033088538701,0.007855919134604325,0.012661142289840985,0.028010218142020055
153,전국민 공공AI,-0.01414301342310978,0.009989850868853664,0.014318444359250712,0.0008302939945478514
154,공공AI 실패,-0.0038199286649435588,-0.0022960761882663966,-0.002287318185755449,0.014660979520672246
154,공공AI 종합안,-0.025955380413296522,0.014317483256310395,0.022411205329151685,0.05139309810819659
154,공공AI+공교육,-0.019737810455037683,0.02454013258397779,0.02914418008086796,0.023848750801537068
154,공공AI+돌봄,-0.01387259490201638,-0.016663974936584974,-0.012494415478245126,0.02770144071826671
154,전국민 공공AI,-0.01098435265192206,-0.005562576778284131,-0.0017591203775197267,0.0005765111431711434
155,공공AI 실패,-0.004062344930674089,0.007016991214148144,0.007327276307833239,0.014619502865609795
155,공공AI 종합안,-0.025232010240809497,0.056159751360381815,0.06342949767131299,0.05122035567065612
155,공공AI+공교육,-0.019507087705925658,0.052430886146077715,0.05741192980037007,0.023687748646697204
155,공공AI+돌봄,-0.013048103857853571,0.012315329633220823,0.01573014918793579,0.027652357756017786
155,전국민 공공AI,-0.009398871037555323,0.012626619665533655,0.01579027911848211,0.0005361700652447201
156,공공AI 실패,-0.003961518876123851,-0.010743993143687923,-0.00967661929364158,0.014856257604699035
156,공공AI 종합안,-0.038530709210397224,-0.021663859411992337,-0.008340192304291283,0.05232814309847363
156,공공AI+공교육,-0.030362269364954356,0.0004672825310406206,0.00888259239414918,0.024702648567351937
156,공공AI+돌봄,-0.017952804110007922,-0.039427513796526134,-0.03474976319136139,0.0280406954241732
156,전국민 공공AI,-0.014381286780660987,-0.019359712703142753,-0.01512092886407193,0.0008553431431319227
157,공공AI 실패,-0.0011023919938623061,0.004851803489132361,0.004345104237547415,0.014411017123447573
157,공공AI 종합안,-0.01638597973602316,0.04248453465262392,0.04630872020754125,0.050223299490182824
157,공공AI+공교육,-0.01108014076889724,0.03979891800790947,0.04072412699893015,0.02277671754337836
157,공공AI+돌봄,-0.008468334351868917,0.008843332601594589,0.010726208215478074,0.027292710060806392
157,전국민 공공AI,-0.005856889649573663,0.009314451382442746,0.01111003522304372,0.00024057715410404513
158,공공AI 실패,-0.002272447354433854,-0.0019142337424749162,-0.001487865831938634,0.01472851827826501
158,공공AI 종합안,-0.04082932034228741,0.022099968256670786,0.03542068025720069,0.05172114054131075
158,공공AI+공교육,-0.03232854309097756,0.03314036610424864,0.040924058143658,0.024147549527341515
158,공공AI+돌봄,-0.023173868191924074,-0.017040689128631905,-0.010954485661091348,0.027823700788019063
158,전국민 공공AI,-0.020093252111564264,-0.004718990989913564,0.0008200160752051822,0.0006769961745381279
159,공공AI 실패,-0.008479997930539634,0.0005743067899136034,0.0026315825148015004,0.014863250334547459
159,공공AI 종합안,-0.05508856061618343,0.03498178244930067,0.05012499345688884,0.05256662644170492
159,공공AI+공교육,-0.04491516035305067,0.04119955445916623,0.0537459154214657,0.02489712971097724
159,공공AI+돌봄,-0.025694122369200156,-0.006738639972813737,-0.0015673169248679453,0.02822465677818805
159,전국민 공공AI,-0.019407476990741385,0.0020535402913457457,0.006853560145096527,0.0010065401976233623
160,공공AI 실패,-0.003140249973168918,0.01029961855326171,0.010316224235606374,0.014652294061928545
160,공공AI 종합안,-0.03140286571606847,0.07196963312310739,0.08257507878597081,0.0513571050272004
160,공공AI+공교육,-0.023151928624464607,0.06628420781024416,0.07163676255658588,0.023815036617557052
160,공공AI+돌봄,-0.01777690423361758,0.017981965079011175,0.022882172083033343,0.027691913263172774
160,전국민 공공AI,-0.0133983004586897,0.01667909998668432,0.021152358855612445,0.000568680568348948
161,공공AI 실패,-0.006709915394998364,-0.029501083921158244,-0.02814418989615497,0.014922528093686957
161,공공AI 종합안,-0.0400458412406966,-0.10362209682815247,-0.09069457274702614,0.052650535429081456
161,공공AI+공교육,-0.03209402140455858,-0.05725661552049109,-0.04818310813142282,0.024997285109419454
161,공공AI+돌봄,-0.01966470994426822,-0.09097816060687396,-0.08659417609010428,0.028156734906001644
161,전국민 공공AI,-0.01494252329608306,-0.051751900934453074,-0.047775471650817164,0.0009507154997399434
162,공공AI 실패,-0.0018189981025722168,-0.02344193876066948,-0.02363094584964851,0.014422318711185378
162,공공AI 종합안,-0.020568490560725787,-0.07432576666836119,-0.06949476972816586,0.050318941003992326
162,공공AI+공교육,-0.015352005921734801,-0.040536888537682975,-0.03813332484370296,0.02286010796992355
162,공공AI+돌봄,-0.010226655890700626,-0.06814085190154825,-0.06594648273376086,0.027343928559460256
162,전국민 공공AI,-0.007861135168707359,-0.03808637608354419,-0.03596481158852912,0.00028267342031929044
163,공공AI 실패,-0.005369019459452826,-0.014608267731739524,-0.013334252819258874,0.014775163909701535
163,공공AI 종합안,-0.03455907944434054,-0.038668438833389246,-0.027761488177098947,0.052104454000269085
163,공공AI+공교육,-0.027096978313702114,-0.013408326553251596,-0.005658588711608903,0.024483298312914036
163,공공AI+돌봄,-0.015441653378340942,-0.0466243615881792,-0.043599646675733544,0.028022555886119793
163,전국민 공공AI,-0.011947580096135668,-0.0240611077882614,-0.02124734551041385,0.0008404343339519036
164,공공AI 실패,-0.0018243921146063186,-0.0025486228104737024,-0.0025425701340587373,0.014527616936949778
164,공공AI 종합안,-0.020197371470112177,0.012495963408301516,0.01781571396021288,0.05078718759983751
164,공공AI+공교육,-0.014174212522402765,0.020233096156340072,0.023389078272330333,0.023291212282432878
164,공공AI+돌봄,-0.009204250813331413,-0.012571403366754157,-0.010079419556364023,0.02749921044979416
164,전국민 공공AI,-0.0069462901168627494,-0.003523386144831414,-0.0011823391325449725,0.00041029894558316116
165,공공AI 실패,-0.001101360320208175,-0.017954841664981458,-0.018875602914123095,0.014341343207387855
165,공공AI 종합안,-0.01893995529340281,-0.047817842594363974,-0.045317545005118434,0.049911369532935845
165,공공AI+공교육,-0.015059645224885024,-0.021649916878985792,-0.02138289144526507,0.022489257332368985
165,공공AI+돌봄,-0.011518712352283855,-0.053462807199961604,-0.051082573129514,0.02719040863745555
165,전국민 공공AI,-0.008877435126977098,-0.02882389025905377,-0.026505019526748233,0.00015649604933195204
166,공공AI 실패,-0.003893227597897425,-0.013919370574228726,-0.013136975703500711,0.01476456745798834
166,공공AI 종합안,-0.03205580205268202,-0.03528500148837001,-0.026003515518642203,0.051898971872499776
166,공공AI+공교육,-0.025981992829997635,-0.010381567934947091,-0.003383178304692966,0.0243094650874085
166,공공AI+돌봄,-0.01665650958276832,-0.047411742739318655,-0.04335711854657119,0.02789024034358708
166,전국민 공공AI,-0.012003348956081752,-0.024645724123607514,-0.02093867265429246,0.0007316847522719598
167,공공AI 실패,-0.0017227605738835,-0.03433883029744024,-0.0336938275529145,0.014544412154450237
167,공공AI 종합안,-0.021542766893454655,-0.1250627587816715,-0.11810126485855524,0.05103609972503761
167,공공AI+공교육,-0.01648666140148427,-0.0761174940282196,-0.0713842973086039,0.023502243363600184
167,공공AI+돌봄,-0.008550982823012233,-0.09844805653487221,-0.09658338826965565,0.02765758089977473
167,전국민 공공AI,-0.005830639992641884,-0.05714600443892502,-0.05534622732681685,0.000540462944884931
168,공공AI 실패,-0.0017056256787379848,0.0064457674850342955,0.006393236668889912,0.014474504751229762
168,공공AI 종합안,-0.020889591917641094,0.051967462446175755,0.05805907862238848,0.05055184369574306
168,공공AI+공교육,-0.014423481335161081,0.047432034551771085,0.05013871321218394,0.023074413560981905
168,공공AI+돌봄,-0.00923094552400118,0.01396771451188246,0.016124563431319034,0.027421678032321463
168,전국민 공공AI,-0.007169070578942546,0.013123203536650085,0.015177073381256881,0.000346575381401518
169,공공AI 실패,-0.00432974577339347,-0.028231295572064184,-0.027198432244346343,0.014678935040416988
169,공공AI 종합안,-0.03554832080928838,-0.09189151754183844,-0.0816756535325473,0.0515781392032297
169,공공AI+공교육,-0.030103319516294524,-0.049335333310072234,-0.0412489470823727,0.024010055636471406
169,공공AI+돌봄,-0.018249137447490238,-0.08486407650102257,-0.08082221174914289,0.027800675633477618
169,전국민 공공AI,-0.014095649655193054,-0.04748243938799682,-0.04371431307380019,0.0006580718979446454
170,공공AI 실패,-0.0037144002622870598,-0.003341157277504017,-0.002942424497479987,0.014708899048832103
170,공공AI 종합안,-0.022264545597611998,0.006411928496448532,0.013102643876760488,0.05162617280843422
170,공공AI+공교육,-0.017245755838595847,0.01680179820555839,0.021588642971819796,0.02406095370582647
170,공공AI+돌봄,-0.010399373586182009,-0.017329234808416916,-0.014283555068828668,0.02778870007979225
170,전국민 공공AI,-0.007234573894816521,-0.006532420347233314,-0.0037434232442211945,0.0006482292413017756
171,공공AI 실패,-0.004154778208728602,-0.00513294903257816,-0.0041686559224557995,0.014758031089283715
171,공공AI 종합안,-0.02897550210933028,0.0014416806902571438,0.010008954390115843,0.05190800269586263
171,공공AI+공교육,-0.02395912770010858,0.01387965790695576,0.02068408595807293,0.02431524757254159
171,공공AI+돌봄,-0.01375701464960552,-0.021027810232557835,-0.017874199597149795,0.02790382077148342
171,전국민 공공AI,-0.010825301007111585,-0.008350522875025315,-0.0054366907478295284,0.0007428464482034745
172,공공AI 실패,-0.0024763162418645207,0.006529619249761741,0.00714472502793824,0.014489297624800113
172,공공AI 종합안,-0.02717080008293349,0.05852813402507166,0.06683575366467376,0.050778612281427216
172,공공AI+공교육,-0.02163763261196383,0.05354360129310169,0.05896170174910134,0.023266166012129386
172,공공AI+돌봄,-0.012363195647400502,0.015617250293013592,0.018131515358030766,0.027568071066747225
172,전국민 공공AI,-0.010236116389952879,0.015208152842445567,0.017642379155000568,0.00046689519379787114
173,공공AI 실패,-0.006610751186988367,-0.022420131408434067,-0.021327425288757917,0.014944196091018713
173,공공AI 종합안,-0.05503023553783307,-0.0679942983854133,-0.052068366501561464,0.05272933839938987
173,공공AI+공교육,-0.04307942310303292,-0.028566162710671993,-0.01746142329097161,0.025071466621467163
173,공공AI+돌봄,-0.028868369792114573,-0.076933196052789,-0.06945224665377189,0.028176055979193038
173,전국민 공공AI,-0.023919801515379202,-0.04220727990039471,-0.03547544161996033,0.0009665954076248182
174,공공AI 실패,-0.005998868288839748,-0.01658123139220615,-0.015760189985098372,0.014957828452564511
174,공공AI 종합안,-0.05330982453041053,-0.04248244334322497,-0.027601864138494137,0.052789658330198184
174,공공AI+공교육,-0.04148642279568479,-0.009987711996519509,0.0009380312365534493,0.025127563697422084
174,공공AI+돌봄,-0.028716504874765153,-0.06309482654110292,-0.05485417252906152,0.028193710598816223
174,전국민 공공AI,-0.02266260270704426,-0.033529579279597925,-0.026125627555606323,0.0009811056644094904
175,공공AI 실패,-0.004991549084730429,0.0054867797384510145,0.006338373390885971,0.0147984522182254
175,공공AI 종합안,-0.04528493433819111,0.05484323201813418,0.06724929957416889,0.05205405364454592
175,공공AI+공교육,-0.037112785264268644,0.05570957327146173,0.06511998569801355,0.024451887402072638
175,공공AI+돌봄,-0.02342949930151811,0.0033052248906278213,0.009636983652792475,0.02794316612779631
175,전국민 공공AI,-0.01870001203139332,0.0080630652974706,0.013826492972555837,0.0007751842292242159
176,공공AI 실패,-0.0016944271204870631,0.0023909337413013654,0.0018702036993507587,0.014368640833141266
176,공공AI 종합안,-0.020045166784458175,0.03685706995109325,0.04191849026591128,0.050050620258429365
176,공공AI+공교육,-0.012789364105362522,0.036765612160774536,0.037893987652289074,0.022615704267187915
176,공공AI+돌봄,-0.009968347571772979,0.003925676003000339,0.005908252245760311,0.0272439378403162
176,전국민 공공AI,-0.00808188308878749,0.0068802180619776665,0.008810467316417485,0.00020049147350760998
177,공공AI 실패,-0.003478225393269141,-0.014740805228510994,-0.014071894034895505,0.014767587812789234
177,공공AI 종합안,-0.032916116205996326,-0.039155097246677366,-0.028582107625137354,0.05190571699813825
177,공공AI+공교육,-0.025569888632028137,-0.01248048648227074,-0.005629024809311309,0.024316427525952533
177,공공AI+돌봄,-0.016796936019830497,-0.05042446725599178,-0.04609672964525674,0.027889331816815445
177,전국민 공공AI,-0.013144557770128198,-0.026478528624917706,-0.022541285704158504,0.0007309380379821873
178,공공AI 실패,-0.006476290924436218,-0.025598287726714207,-0.024355498633939182,0.014945630959983951
178,공공AI 종합안,-0.0560927786829373,-0.0816889200499456,-0.06418001741526178,0.05273889554797832
178,공공AI+공교육,-0.04400090944394569,-0.03804302397049538,-0.026582928838383868,0.025079762939681803
178,공공AI+돌봄,-0.028925716395209522,-0.08485583137693328,-0.07751471238792498,0.028181327171652264
178,전국민 공공AI,-0.024372496164842494,-0.047096712042900314,-0.040487676056360805,0.0009709277782891847
179,공공AI 실패,-0.0010152246386099378,-0.004057664709765596,-0.004979921532470399,0.014433005168963804
179,공공AI 종합안,-0.020925497818021777,0.012842397241192627,0.01637539840657371,0.050328479327956886
179,공공AI+공교육,-0.015312032395901107,0.02291224462725533,0.024210285044732834,0.022872794077784343
179,공공AI+돌봄,-0.011415798843096112,-0.01891275976961687,-0.015308160955043795,0.02733076852216909
179,전국민 공공AI,-0.008824549409622295,-0.006762899024436331,-0.003365876265315315,0.00027185724163832515
180,공공AI 실패,-0.0028336774886623672,0.00518561286014263,0.004567799217768176,0.014655410626441934
180,공공AI 종합안,-0.037249801336294436,0.05291355469336878,0.061528799362047165,0.051361747006464384
180,공공AI+공교육,-0.02971047937915186,0.05525569580888717,0.06003226945602662,0.023820833054146173
180,공공AI+돌봄,-0.021813912763944954,-0.0008346205120514094,0.005700348557216461,0.027687086787801928
180,전국민 공공AI,-0.018075795886186352,0.005261597541924817,0.011212865581668709,0.0005647137087680942
181,공공AI 실패,-0.002376300503268397,-0.009642007991857753,-0.009265778599816019,0.014440787303929874
181,공공AI 종합안,-0.024099546930399715,-0.011770399415791812,-0.005931324273118398,0.05052705337865486
181,공공AI+공교육,-0.01937760535183105,0.003529252260107335,0.007900533516205097,0.023039463745384237
181,공공AI+돌봄,-0.010834870405271799,-0.028628871094392695,-0.02642252836233567,0.027464152161311668
181,전국민 공공AI,-0.008750617099201705,-0.012819458483413503,-0.010653751564406087,0.00038148468737941865
182,공공AI 실패,-0.004550828235600643,0.008419713329388906,0.009292650351934995,0.014682005914318747
182,공공AI 종합안,-0.0360227643056681,0.0676464203726505,0.07798718028531756,0.05155027096564968
182,공공AI+공교육,-0.03044177839727956,0.06245773440179703,0.07044846485692868,0.023987432428034323
182,공공AI+돌봄,-0.019407120425443375,0.015871757120917325,0.020414987138609134,0.027778747578252903
182,전국민 공공AI,-0.01405387091250114,0.015749413104694677,0.019959231870235697,0.0006400493226137068
183,공공AI 실패,-0.0026232590780173592,0.005452371765753788,0.006067181004651798,0.014423389386063728
183,공공AI 종합안,-0.022867839379726494,0.04830260584391943,0.05412244449054067,0.0505735399987202
183,공공AI+공교육,-0.017531754758092342,0.04407388171067096,0.04841379485570102,0.023054099008497864
183,공공AI+돌봄,-0.009423131766851445,0.013423502746942723,0.014916777903143108,0.02759731411240751
183,전국민 공공AI,-0.0072853888051308754,0.01294918400242508,0.01444022797617242,0.0004909299286577715
184,공공AI 실패,-0.005308150844837586,0.001399770953221996,0.0024775882068188704,0.014534425118186403
184,공공AI 종합안,-0.030032117296260978,0.03521413296632422,0.044157054884145716,0.05109084781666547
184,공공AI+공교육,-0.02619952360502012,0.03761562152209364,0.044533171862347926,0.023528221188352925
184,공공AI+돌봄,-0.014708670002490168,0.00044741728856780016,0.003036853405269324,0.02777786164248978
184,전국민 공공AI,-0.01106550713521011,0.005741837563704971,0.00823782597542766,0.0006393211757778072
185,공공AI 실패,-0.005803471538176064,-0.028793570638398644,-0.027457630754611717,0.014844415201924846
185,공공AI 종합안,-0.032393551857858194,-0.10173859417548752,-0.09189187973939203,0.052405915401863234
185,공공AI+공교육,-0.026798091950340025,-0.05781595824009002,-0.049953757406411836,0.02476317082155436
185,공공AI+돌봄,-0.01571101284104509,-0.08673714320842736,-0.08374069986993285,0.028112813237230395
185,전국민 공공AI,-0.012035789701183283,-0.04945056123201026,-0.046677297737033774,0.0009146164669721797
186,공공AI 실패,-0.003795352289076903,0.004552365426487623,0.005124206293265737,0.014577092338600791
186,공공AI 종합안,-0.025911414933690882,0.04684090284496175,0.0553520589945687,0.05109091281911349
186,공공AI+공교육,-0.020237085357792478,0.04542935210065191,0.05082670947969109,0.02356418926033436
186,공공AI+돌봄,-0.012548632113624544,0.00822304721373578,0.011034908536024679,0.027627760571547998
186,전국민 공공AI,-0.009440515920600107,0.010249931119326695,0.012904193799934544,0.0005159537439389066
187,공공AI 실패,-0.00497325518450753,0.00499221004302669,0.0063622629477969594,0.014954097703025322
187,공공AI 종합안,-0.037529236912251185,0.0444031872227663,0.056016919195355896,0.05279858000126647
187,공공AI+공교육,-0.030861954487739762,0.0451374094148093,0.05385930060792314,0.02513296024027023
187,공공AI+돌봄,-0.0186726214870567,0.004992538491198961,0.008989411213055715,0.028208448211169003
187,전국민 공공AI,-0.01534010046891729,0.008154223123363363,0.011778743032859362,0.0009932184453242572
188,공공AI 실패,-0.005167557534702494,-0.021887014975043504,-0.02141919417235033,0.014859880272479939
188,공공AI 종합안,-0.04336275863828373,-0.06851586468863599,-0.05577307349938307,0.05232583715396647
188,공공AI+공교육,-0.03348594678408631,-0.029874639811177356,-0.02171480791220093,0.02470339376138475
188,공공AI+돌봄,-0.023037678190940714,-0.07559566891566355,-0.0690500094807904,0.028027939435105877
188,전국민 공공AI,-0.01774725720326084,-0.041805798907879485,-0.035920986637775265,0.0008448590499677833
189,공공AI 실패,-0.001551145861180353,-0.0007727083605311713,-0.0015160143977087995,0.014375380814077557
189,공공AI 종합안,-0.01902887610451079,0.02111767954021082,0.025836916066385752,0.05005820576853792
189,공공AI+공교육,-0.012454403013598597,0.02599219635987024,0.02648833919649011,0.022625219826958493
189,공공AI+돌봄,-0.009979990774763081,-0.0066015745654199876,-0.004441366886115718,0.027235868822123144
189,전국민 공공AI,-0.007262683031289227,3.7068066345347095e-05,0.002105682000842754,0.00019385958177161244
190,공공AI 실패,-0.00456097787991061,-0.012934291435455509,-0.012604418639572068,0.01473274352317237
190,공공AI 종합안,-0.03246277483066336,-0.03127701147897386,-0.021319725335678885,0.05173376474751742
190,공공AI+공교육,-0.02451651854069503,-0.00652541505661812,-0.0004934533801809193,0.024160200780797947
190,공공AI+돌봄,-0.018378276214043046,-0.046666413187529246,-0.04204402343035782,0.027823587710747034
190,전국민 공공AI,-0.014446290488611457,-0.024140391039867058,-0.019943274222214313,0.0006769032368091343
191,공공AI 실패,-0.004342793771792225,-0.009434756004132426,-0.008404023128837895,0.014865963332212314
191,공공AI 종합안,-0.03850205213659268,-0.015987019076609175,-0.003399619296022255,0.05236913950089543
191,공공AI+공교육,-0.029901210399251532,0.004404146748522478,0.012826085694473577,0.024740630970635023
191,공공AI+돌봄,-0.01814927495671452,-0.03639231595638947,-0.03156710786466996,0.028053296143398652
191,전국민 공공AI,-0.015081953888769095,-0.01749358945011461,-0.013126959000452437,0.0008656996206734737
192,공공AI 실패,-0.001599932240943791,-0.02886267934308895,-0.029580362377215917,0.014363685639541452
192,공공AI 종합안,-0.018502275700382223,-0.09764742790320381,-0.09449162154215149,0.05001513334612047
192,공공AI+공교육,-0.013654236919301746,-0.05685648524217095,-0.0561540056322548,0.022584406873240225
192,공공AI+돌봄,-0.010136416360619835,-0.08386265623978129,-0.08165357255288153,0.027226422591594062
192,전국민 공공AI,-0.007538988478282674,-0.04812851438015364,-0.045987667994950784,0.0001860957650739641
193,공공AI 실패,-0.003961311583992114,0.0036580215046501524,0.004795024859202607,0.014915265255257734
193,공공AI 종합안,-0.03732902825001158,0.038552165058489365,0.05165393827042197,0.052601548669124955
193,공공AI+공교육,-0.0296456400516113,0.04189459719893571,0.050160943618996603,0.02495338720873541
193,공공AI+돌봄,-0.015334391836076239,0.0005719324835729983,0.004930480329343984,0.028135459754974557
193,전국민 공공AI,-0.012957763468386174,0.005459197525924719,0.009393013462495742,0.0009332295435923923
194,공공AI 실패,-0.005105735150982227,-0.005793834015013835,-0.004655265508323264,0.014652464412505747
194,공공AI 종합안,-0.03918001382178207,0.0076714948484493325,0.02017358649030121,0.05150031015768124
194,공공AI+공교육,-0.03150035444285129,0.020875132553106863,0.029522384402300053,0.023933959976466156
194,공공AI+돌봄,-0.02003562364807028,-0.021747229688970297,-0.017552425044650405,0.027793428815036547
194,전국민 공공AI,-0.014363932926529113,-0.007515625811571745,-0.003587810991676127,0.0006521157686879935
195,공공AI 실패,-0.0012172219129755746,-0.008697999990722918,-0.009183300315517912,0.014530767189542012
195,공공AI 종합안,-0.01830609900702025,-0.013913742681042382,-0.008012812552332499,0.0507770789626264
195,공공AI+공교육,-0.013073351174531525,0.003612615695456761,0.005922504219969242,0.023285145480661296
195,공공AI+돌봄,-0.008695643885025542,-0.032899769738448534,-0.029541536687101327,0.027482312623620924
195,전국민 공공AI,-0.006803165514105772,-0.016097592726912233,-0.01299592288574758,0.0003964106941162964
196,공공AI 실패,-0.004632906902719405,-0.027260219387879564,-0.02613998238329246,0.014853739276661004
196,공공AI 종합안,-0.03210012133648754,-0.09539583566026351,-0.08607089544447444,0.052333832533143464
196,공공AI+공교육,-0.026897915903862812,-0.05316646598558558,-0.04562705563466696,0.024706758154040033
196,공공AI+돌봄,-0.015712367214758466,-0.083680537474959,-0.08017288914556153,0.028047300343392124
196,전국민 공공AI,-0.012017311351106508,-0.04762328303186074,-0.044415906164157665,0.0008607716981477633
197,공공AI 실패,-0.005652874418162895,-0.004435459339847028,-0.003136817331011954,0.014928867859969495
197,공공AI 종합안,-0.03931835275112619,0.005799508180002869,0.01736056513615708,0.05266804929505704
197,공공AI+공교육,-0.03317748975438507,0.01930508860145374,0.028631227749874255,0.025014059032210396
197,공공AI+돌봄,-0.01771127346116133,-0.022661589556445927,-0.01779574348944199,0.028159828409312044
197,전국민 공공AI,-0.01372032018336658,-0.008919082815138937,-0.004511746716415577,0.0009532580369543027
198,공공AI 실패,-0.001111327649590474,-0.016451958549943024,-0.017481049211345107,0.014397908599913151
198,공공AI 종합안,-0.022497037523682817,-0.03818155494226988,-0.033081088416241286,0.050171595251732794
198,공공AI+공교육,-0.015297788930919348,-0.012191388729877295,-0.011157103845159853,0.02272815985606184
198,공공AI+돌봄,-0.011608488417180027,-0.05194600160045837,-0.0483435378081376,0.02727955517736469
198,전국민 공공AI,-0.00831449985006931,-0.027136584745827586,-0.023714327877360733,0.0002297652113499118
199,공공AI 실패,-0.0047295154739225576,-0.014566940853497051,-0.014528814158911052,0.014769610748744352
199,공공AI 종합안,-0.04148750956131811,-0.034455737352687026,-0.024551810493834494,0.05190120024388871
199,공공AI+공교육,-0.033907245579001155,-0.005882723523435829,0.0011209852934086079,0.024314508883127216
199,공공AI+돌봄,-0.024860661928582356,-0.05581179810945771,-0.049120240075795976,0.02787846981219374
199,전국민 공공AI,-0.019856650590365538,-0.029293651744983572,-0.02323765351129807,0.0007220106025788899
