DATA_VALUE,ITEM_CODE1,ITEM_CODE2,ITEM_CODE3,ITEM_CODE4,ITEM_NAME1,ITEM_NAME2,ITEM_NAME3,ITEM_NAME4,STAT_CODE,STAT_NAME,TIME,UNIT_NAME,WGT
0.418,I38A,10,,,시장소득,지니계수,,,901Y112,8.7.3. 소득분배지표(2011~),2011,,
11.21,I38A,20,,,시장소득,5분위배율,,,901Y112,8.7.3. 소득분배지표(2011~),2011,배 ,
2192,I38A,30,,,시장소득,균등화 중위소득,,,901Y112,8.7.3. 소득분배지표(2011~),2011,만원,
2741,I38A,40,,,시장소득,균등화 평균소득(5분위),,,901Y112,8.7.3. 소득분배지표(2011~),2011,만원,
563,I38A,401,,,시장소득,1분위,,,901Y112,8.7.3. 소득분배지표(2011~),2011,만원,
1440,I38A,402,,,시장소득,2분위,,,901Y112,8.7.3. 소득분배지표(2011~),2011,만원,
2202,I38A,403,,,시장소득,3분위,,,901Y112,8.7.3. 소득분배지표(2011~),2011,만원,
3188,I38A,404,,,시장소득,4분위,,,901Y112,8.7.3. 소득분배지표(2011~),2011,만원,
6309,I38A,405,,,시장소득,5분위,,,901Y112,8.7.3. 소득분배지표(2011~),2011,만원,
100,I38A,50,,,시장소득,소득점유율(5분위),,,901Y112,8.7.3. 소득분배지표(2011~),2011,%,
4.1,I38A,501,,,시장소득,1분위,,,901Y112,8.7.3. 소득분배지표(2011~),2011,%,
10.5,I38A,502,,,시장소득,2분위,,,901Y112,8.7.3. 소득분배지표(2011~),2011,%,
16.1,I38A,503,,,시장소득,3분위,,,901Y112,8.7.3. 소득분배지표(2011~),2011,%,
23.3,I38A,504,,,시장소득,4분위,,,901Y112,8.7.3. 소득분배지표(2011~),2011,%,
46.1,I38A,505,,,시장소득,5분위,,,901Y112,8.7.3. 소득분배지표(2011~),2011,%,
19.7,I38A,90,,,시장소득,중위소득50%이하(상대적빈곤율),,,901Y112,8.7.3. 소득분배지표(2011~),2011,,
50,I38A,91,,,시장소득,중위소득50~150%,,,901Y112,8.7.3. 소득분배지표(2011~),2011,,
30.3,I38A,92,,,시장소득,중위소득150%초과,,,901Y112,8.7.3. 소득분배지표(2011~),2011,,
0.387,I38B,10,,,처분가능소득,지니계수,,,901Y112,8.7.3. 소득분배지표(2011~),2011,,
8.25,I38B,20,,,처분가능소득,5분위배율,,,901Y112,8.7.3. 소득분배지표(2011~),2011,배 ,
2087,I38B,30,,,처분가능소득,균등화 중위소득,,,901Y112,8.7.3. 소득분배지표(2011~),2011,만원,
2570,I38B,40,,,처분가능소득,균등화 평균소득(5분위),,,901Y112,8.7.3. 소득분배지표(2011~),2011,만원,
688,I38B,401,,,처분가능소득,1분위,,,901Y112,8.7.3. 소득분배지표(2011~),2011,만원,
1433,I38B,402,,,처분가능소득,2분위,,,901Y112,8.7.3. 소득분배지표(2011~),2011,만원,
2100,I38B,403,,,처분가능소득,3분위,,,901Y112,8.7.3. 소득분배지표(2011~),2011,만원,
2955,I38B,404,,,처분가능소득,4분위,,,901Y112,8.7.3. 소득분배지표(2011~),2011,만원,
5675,I38B,405,,,처분가능소득,5분위,,,901Y112,8.7.3. 소득분배지표(2011~),2011,만원,
100,I38B,50,,,처분가능소득,소득점유율(5분위),,,901Y112,8.7.3. 소득분배지표(2011~),2011,%,
5.4,I38B,501,,,처분가능소득,1분위,,,901Y112,8.7.3. 소득분배지표(2011~),2011,%,
11.1,I38B,502,,,처분가능소득,2분위,,,901Y112,8.7.3. 소득분배지표(2011~),2011,%,
16.3,I38B,503,,,처분가능소득,3분위,,,901Y112,8.7.3. 소득분배지표(2011~),2011,%,
23,I38B,504,,,처분가능소득,4분위,,,901Y112,8.7.3. 소득분배지표(2011~),2011,%,
44.2,I38B,505,,,처분가능소득,5분위,,,901Y112,8.7.3. 소득분배지표(2011~),2011,%,
18.5,I38B,90,,,처분가능소득,중위소득50%이하(상대적빈곤율),,,901Y112,8.7.3. 소득분배지표(2011~),2011,,
55.1,I38B,91,,,처분가능소득,중위소득50~150%,,,901Y112,8.7.3. 소득분배지표(2011~),2011,,
26.3,I38B,92,,,처분가능소득,중위소득150%초과,,,901Y112,8.7.3. 소득분배지표(2011~),2011,,
0.411,I38A,10,,,시장소득,지니계수,,,901Y112,8.7.3. 소득분배지표(2011~),2012,,
10.65,I38A,20,,,시장소득,5분위배율,,,901Y112,8.7.3. 소득분배지표(2011~),2012,배 ,
2322,I38A,30,,,시장소득,균등화 중위소득,,,901Y112,8.7.3. 소득분배지표(2011~),2012,만원,
2873,I38A,40,,,시장소득,균등화 평균소득(5분위),,,901Y112,8.7.3. 소득분배지표(2011~),2012,만원,
614,I38A,401,,,시장소득,1분위,,,901Y112,8.7.3. 소득분배지표(2011~),2012,만원,
1543,I38A,402,,,시장소득,2분위,,,901Y112,8.7.3. 소득분배지표(2011~),2012,만원,
2332,I38A,403,,,시장소득,3분위,,,901Y112,8.7.3. 소득분배지표(2011~),2012,만원,
3329,I38A,404,,,시장소득,4분위,,,901Y112,8.7.3. 소득분배지표(2011~),2012,만원,
6542,I38A,405,,,시장소득,5분위,,,901Y112,8.7.3. 소득분배지표(2011~),2012,만원,
100,I38A,50,,,시장소득,소득점유율(5분위),,,901Y112,8.7.3. 소득분배지표(2011~),2012,%,
4.3,I38A,501,,,시장소득,1분위,,,901Y112,8.7.3. 소득분배지표(2011~),2012,%,
10.7,I38A,502,,,시장소득,2분위,,,901Y112,8.7.3. 소득분배지표(2011~),2012,%,
16.2,I38A,503,,,시장소득,3분위,,,901Y112,8.7.3. 소득분배지표(2011~),2012,%,
23.2,I38A,504,,,시장소득,4분위,,,901Y112,8.7.3. 소득분배지표(2011~),2012,%,
45.6,I38A,505,,,시장소득,5분위,,,901Y112,8.7.3. 소득분배지표(2011~),2012,%,
19.2,I38A,90,,,시장소득,중위소득50%이하(상대적빈곤율),,,901Y112,8.7.3. 소득분배지표(2011~),2012,,
50.8,I38A,91,,,시장소득,중위소득50~150%,,,901Y112,8.7.3. 소득분배지표(2011~),2012,,
30,I38A,92,,,시장소득,중위소득150%초과,,,901Y112,8.7.3. 소득분배지표(2011~),2012,,
0.383,I38B,10,,,처분가능소득,지니계수,,,901Y112,8.7.3. 소득분배지표(2011~),2012,,
8.01,I38B,20,,,처분가능소득,5분위배율,,,901Y112,8.7.3. 소득분배지표(2011~),2012,배 ,
2204,I38B,30,,,처분가능소득,균등화 중위소득,,,901Y112,8.7.3. 소득분배지표(2011~),2012,만원,
2691,I38B,40,,,처분가능소득,균등화 평균소득(5분위),,,901Y112,8.7.3. 소득분배지표(2011~),2012,만원,
736,I38B,401,,,처분가능소득,1분위,,,901Y112,8.7.3. 소득분배지표(2011~),2012,만원,
1519,I38B,402,,,처분가능소득,2분위,,,901Y112,8.7.3. 소득분배지표(2011~),2012,만원,
2215,I38B,403,,,처분가능소득,3분위,,,901Y112,8.7.3. 소득분배지표(2011~),2012,만원,
3084,I38B,404,,,처분가능소득,4분위,,,901Y112,8.7.3. 소득분배지표(2011~),2012,만원,
5897,I38B,405,,,처분가능소득,5분위,,,901Y112,8.7.3. 소득분배지표(2011~),2012,만원,
100,I38B,50,,,처분가능소득,소득점유율(5분위),,,901Y112,8.7.3. 소득분배지표(2011~),2012,%,
5.5,I38B,501,,,처분가능소득,1분위,,,901Y112,8.7.3. 소득분배지표(2011~),2012,%,
11.3,I38B,502,,,처분가능소득,2분위,,,901Y112,8.7.3. 소득분배지표(2011~),2012,%,
16.5,I38B,503,,,처분가능소득,3분위,,,901Y112,8.7.3. 소득분배지표(2011~),2012,%,
22.9,I38B,504,,,처분가능소득,4분위,,,901Y112,8.7.3. 소득분배지표(2011~),2012,%,
43.8,I38B,505,,,처분가능소득,5분위,,,901Y112,8.7.3. 소득분배지표(2011~),2012,%,
18.1,I38B,90,,,처분가능소득,중위소득50%이하(상대적빈곤율),,,901Y112,8.7.3. 소득분배지표(2011~),2012,,
56.4,I38B,91,,,처분가능소득,중위소득50~150%,,,901Y112,8.7.3. 소득분배지표(2011~),2012,,
25.5,I38B,92,,,처분가능소득,중위소득150%초과,,,901Y112,8.7.3. 소득분배지표(2011~),2012,,
0.401,I38A,10,,,시장소득,지니계수,,,901Y112,8.7.3. 소득분배지표(2011~),2013,,
10.29,I38A,20,,,시장소득,5분위배율,,,901Y112,8.7.3. 소득분배지표(2011~),2013,배 ,
2459,I38A,30,,,시장소득,균등화 중위소득,,,901Y112,8.7.3. 소득분배지표(2011~),2013,만원,
2974,I38A,40,,,시장소득,균등화 평균소득(5분위),,,901Y112,8.7.3. 소득분배지표(2011~),2013,만원,
644,I38A,401,,,시장소득,1분위,,,901Y112,8.7.3. 소득분배지표(2011~),2013,만원,
1643,I38A,402,,,시장소득,2분위,,,901Y112,8.7.3. 소득분배지표(2011~),2013,만원,
2473,I38A,403,,,시장소득,3분위,,,901Y112,8.7.3. 소득분배지표(2011~),2013,만원,
3487,I38A,404,,,시장소득,4분위,,,901Y112,8.7.3. 소득분배지표(2011~),2013,만원,
6625,I38A,405,,,시장소득,5분위,,,901Y112,8.7.3. 소득분배지표(2011~),2013,만원,
100,I38A,50,,,시장소득,소득점유율(5분위),,,901Y112,8.7.3. 소득분배지표(2011~),2013,%,
4.3,I38A,501,,,시장소득,1분위,,,901Y112,8.7.3. 소득분배지표(2011~),2013,%,
11,I38A,502,,,시장소득,2분위,,,901Y112,8.7.3. 소득분배지표(2011~),2013,%,
16.6,I38A,503,,,시장소득,3분위,,,901Y112,8.7.3. 소득분배지표(2011~),2013,%,
23.5,I38A,504,,,시장소득,4분위,,,901Y112,8.7.3. 소득분배지표(2011~),2013,%,
44.5,I38A,505,,,시장소득,5분위,,,901Y112,8.7.3. 소득분배지표(2011~),2013,%,
19.3,I38A,90,,,시장소득,중위소득50%이하(상대적빈곤율),,,901Y112,8.7.3. 소득분배지표(2011~),2013,,
52,I38A,91,,,시장소득,중위소득50~150%,,,901Y112,8.7.3. 소득분배지표(2011~),2013,,
28.8,I38A,92,,,시장소득,중위소득150%초과,,,901Y112,8.7.3. 소득분배지표(2011~),2013,,
0.37,I38B,10,,,처분가능소득,지니계수,,,901Y112,8.7.3. 소득분배지표(2011~),2013,,
7.58,I38B,20,,,처분가능소득,5분위배율,,,901Y112,8.7.3. 소득분배지표(2011~),2013,배 ,
2356,I38B,30,,,처분가능소득,균등화 중위소득,,,901Y112,8.7.3. 소득분배지표(2011~),2013,만원,
2803,I38B,40,,,처분가능소득,균등화 평균소득(5분위),,,901Y112,8.7.3. 소득분배지표(2011~),2013,만원,
789,I38B,401,,,처분가능소득,1분위,,,901Y112,8.7.3. 소득분배지표(2011~),2013,만원,
1634,I38B,402,,,처분가능소득,2분위,,,901Y112,8.7.3. 소득분배지표(2011~),2013,만원,
2363,I38B,403,,,처분가능소득,3분위,,,901Y112,8.7.3. 소득분배지표(2011~),2013,만원,
3251,I38B,404,,,처분가능소득,4분위,,,901Y112,8.7.3. 소득분배지표(2011~),2013,만원,
5977,I38B,405,,,처분가능소득,5분위,,,901Y112,8.7.3. 소득분배지표(2011~),2013,만원,
100,I38B,50,,,처분가능소득,소득점유율(5분위),,,901Y112,8.7.3. 소득분배지표(2011~),2013,%,
5.6,I38B,501,,,처분가능소득,1분위,,,901Y112,8.7.3. 소득분배지표(2011~),2013,%,
11.7,I38B,502,,,처분가능소득,2분위,,,901Y112,8.7.3. 소득분배지표(2011~),2013,%,
16.9,I38B,503,,,처분가능소득,3분위,,,901Y112,8.7.3. 소득분배지표(2011~),2013,%,
23.2,I38B,504,,,처분가능소득,4분위,,,901Y112,8.7.3. 소득분배지표(2011~),2013,%,
42.7,I38B,505,,,처분가능소득,5분위,,,901Y112,8.7.3. 소득분배지표(2011~),2013,%,
18.2,I38B,90,,,처분가능소득,중위소득50%이하(상대적빈곤율),,,901Y112,8.7.3. 소득분배지표(2011~),2013,,
57.4,I38B,91,,,처분가능소득,중위소득50~150%,,,901Y112,8.7.3. 소득분배지표(2011~),2013,,
24.4,I38B,92,,,처분가능소득,중위소득150%초과,,,901Y112,8.7.3. 소득분배지표(2011~),2013,,
0.397,I38A,10,,,시장소득,지니계수,,,901Y112,8.7.3. 소득분배지표(2011~),2014,,
10.32,I38A,20,,,시장소득,5분위배율,,,901Y112,8.7.3. 소득분배지표(2011~),2014,배 ,
2485,I38A,30,,,시장소득,균등화 중위소득,,,901Y112,8.7.3. 소득분배지표(2011~),2014,만원,
2977,I38A,40,,,시장소득,균등화 평균소득(5분위),,,901Y112,8.7.3. 소득분배지표(2011~),2014,만원,
636,I38A,401,,,시장소득,1분위,,,901Y112,8.7.3. 소득분배지표(2011~),2014,만원,
1650,I38A,402,,,시장소득,2분위,,,901Y112,8.7.3. 소득분배지표(2011~),2014,만원,
2492,I38A,403,,,시장소득,3분위,,,901Y112,8.7.3. 소득분배지표(2011~),2014,만원,
3540,I38A,404,,,시장소득,4분위,,,901Y112,8.7.3. 소득분배지표(2011~),2014,만원,
6565,I38A,405,,,시장소득,5분위,,,901Y112,8.7.3. 소득분배지표(2011~),2014,만원,
100,I38A,50,,,시장소득,소득점유율(5분위),,,901Y112,8.7.3. 소득분배지표(2011~),2014,%,
4.3,I38A,501,,,시장소득,1분위,,,901Y112,8.7.3. 소득분배지표(2011~),2014,%,
11.1,I38A,502,,,시장소득,2분위,,,901Y112,8.7.3. 소득분배지표(2011~),2014,%,
16.7,I38A,503,,,시장소득,3분위,,,901Y112,8.7.3. 소득분배지표(2011~),2014,%,
23.8,I38A,504,,,시장소득,4분위,,,901Y112,8.7.3. 소득분배지표(2011~),2014,%,
44.1,I38A,505,,,시장소득,5분위,,,901Y112,8.7.3. 소득분배지표(2011~),2014,%,
19.9,I38A,90,,,시장소득,중위소득50%이하(상대적빈곤율),,,901Y112,8.7.3. 소득분배지표(2011~),2014,,
51.3,I38A,91,,,시장소득,중위소득50~150%,,,901Y112,8.7.3. 소득분배지표(2011~),2014,,
28.8,I38A,92,,,시장소득,중위소득150%초과,,,901Y112,8.7.3. 소득분배지표(2011~),2014,,
0.361,I38B,10,,,처분가능소득,지니계수,,,901Y112,8.7.3. 소득분배지표(2011~),2014,,
7.27,I38B,20,,,처분가능소득,5분위배율,,,901Y112,8.7.3. 소득분배지표(2011~),2014,배 ,
2394,I38B,30,,,처분가능소득,균등화 중위소득,,,901Y112,8.7.3. 소득분배지표(2011~),2014,만원,
2812,I38B,40,,,처분가능소득,균등화 평균소득(5분위),,,901Y112,8.7.3. 소득분배지표(2011~),2014,만원,
810,I38B,401,,,처분가능소득,1분위,,,901Y112,8.7.3. 소득분배지표(2011~),2014,만원,
1659,I38B,402,,,처분가능소득,2분위,,,901Y112,8.7.3. 소득분배지표(2011~),2014,만원,
2398,I38B,403,,,처분가능소득,3분위,,,901Y112,8.7.3. 소득분배지표(2011~),2014,만원,
3301,I38B,404,,,처분가능소득,4분위,,,901Y112,8.7.3. 소득분배지표(2011~),2014,만원,
5892,I38B,405,,,처분가능소득,5분위,,,901Y112,8.7.3. 소득분배지표(2011~),2014,만원,
100,I38B,50,,,처분가능소득,소득점유율(5분위),,,901Y112,8.7.3. 소득분배지표(2011~),2014,%,
5.8,I38B,501,,,처분가능소득,1분위,,,901Y112,8.7.3. 소득분배지표(2011~),2014,%,
11.8,I38B,502,,,처분가능소득,2분위,,,901Y112,8.7.3. 소득분배지표(2011~),2014,%,
17.1,I38B,503,,,처분가능소득,3분위,,,901Y112,8.7.3. 소득분배지표(2011~),2014,%,
23.5,I38B,504,,,처분가능소득,4분위,,,901Y112,8.7.3. 소득분배지표(2011~),2014,%,
41.9,I38B,505,,,처분가능소득,5분위,,,901Y112,8.7.3. 소득분배지표(2011~),2014,%,
18.1,I38B,90,,,처분가능소득,중위소득50%이하(상대적빈곤율),,,901Y112,8.7.3. 소득분배지표(2011~),2014,,
57.3,I38B,91,,,처분가능소득,중위소득50~150%,,,901Y112,8.7.3. 소득분배지표(2011~),2014,,
24.6,I38B,92,,,처분가능소득,중위소득150%초과,,,901Y112,8.7.3. 소득분배지표(2011~),2014,,
0.396,I38A,10,,,시장소득,지니계수,,,901Y112,8.7.3. 소득분배지표(2011~),2015,,
10.41,I38A,20,,,시장소득,5분위배율,,,901Y112,8.7.3. 소득분배지표(2011~),2015,배 ,
2561,I38A,30,,,시장소득,균등화 중위소득,,,901Y112,8.7.3. 소득분배지표(2011~),2015,만원,
3059,I38A,40,,,시장소득,균등화 평균소득(5분위),,,901Y112,8.7.3. 소득분배지표(2011~),2015,만원,
644,I38A,401,,,시장소득,1분위,,,901Y112,8.7.3. 소득분배지표(2011~),2015,만원,
1699,I38A,402,,,시장소득,2분위,,,901Y112,8.7.3. 소득분배지표(2011~),2015,만원,
2573,I38A,403,,,시장소득,3분위,,,901Y112,8.7.3. 소득분배지표(2011~),2015,만원,
3675,I38A,404,,,시장소득,4분위,,,901Y112,8.7.3. 소득분배지표(2011~),2015,만원,
6704,I38A,405,,,시장소득,5분위,,,901Y112,8.7.3. 소득분배지표(2011~),2015,만원,
100,I38A,50,,,시장소득,소득점유율(5분위),,,901Y112,8.7.3. 소득분배지표(2011~),2015,%,
4.2,I38A,501,,,시장소득,1분위,,,901Y112,8.7.3. 소득분배지표(2011~),2015,%,
11.1,I38A,502,,,시장소득,2분위,,,901Y112,8.7.3. 소득분배지표(2011~),2015,%,
16.8,I38A,503,,,시장소득,3분위,,,901Y112,8.7.3. 소득분배지표(2011~),2015,%,
24,I38A,504,,,시장소득,4분위,,,901Y112,8.7.3. 소득분배지표(2011~),2015,%,
43.8,I38A,505,,,시장소득,5분위,,,901Y112,8.7.3. 소득분배지표(2011~),2015,%,
19.7,I38A,90,,,시장소득,중위소득50%이하(상대적빈곤율),,,901Y112,8.7.3. 소득분배지표(2011~),2015,,
51.2,I38A,91,,,시장소득,중위소득50~150%,,,901Y112,8.7.3. 소득분배지표(2011~),2015,,
29.1,I38A,92,,,시장소득,중위소득150%초과,,,901Y112,8.7.3. 소득분배지표(2011~),2015,,
0.35,I38B,10,,,처분가능소득,지니계수,,,901Y112,8.7.3. 소득분배지표(2011~),2015,,
6.81,I38B,20,,,처분가능소득,5분위배율,,,901Y112,8.7.3. 소득분배지표(2011~),2015,배 ,
2465,I38B,30,,,처분가능소득,균등화 중위소득,,,901Y112,8.7.3. 소득분배지표(2011~),2015,만원,
2879,I38B,40,,,처분가능소득,균등화 평균소득(5분위),,,901Y112,8.7.3. 소득분배지표(2011~),2015,만원,
866,I38B,401,,,처분가능소득,1분위,,,901Y112,8.7.3. 소득분배지표(2011~),2015,만원,
1727,I38B,402,,,처분가능소득,2분위,,,901Y112,8.7.3. 소득분배지표(2011~),2015,만원,
2475,I38B,403,,,처분가능소득,3분위,,,901Y112,8.7.3. 소득분배지표(2011~),2015,만원,
3427,I38B,404,,,처분가능소득,4분위,,,901Y112,8.7.3. 소득분배지표(2011~),2015,만원,
5897,I38B,405,,,처분가능소득,5분위,,,901Y112,8.7.3. 소득분배지표(2011~),2015,만원,
100,I38B,50,,,처분가능소득,소득점유율(5분위),,,901Y112,8.7.3. 소득분배지표(2011~),2015,%,
6,I38B,501,,,처분가능소득,1분위,,,901Y112,8.7.3. 소득분배지표(2011~),2015,%,
12,I38B,502,,,처분가능소득,2분위,,,901Y112,8.7.3. 소득분배지표(2011~),2015,%,
17.2,I38B,503,,,처분가능소득,3분위,,,901Y112,8.7.3. 소득분배지표(2011~),2015,%,
23.8,I38B,504,,,처분가능소득,4분위,,,901Y112,8.7.3. 소득분배지표(2011~),2015,%,
41,I38B,505,,,처분가능소득,5분위,,,901Y112,8.7.3. 소득분배지표(2011~),2015,%,
17.4,I38B,90,,,처분가능소득,중위소득50%이하(상대적빈곤율),,,901Y112,8.7.3. 소득분배지표(2011~),2015,,
57.5,I38B,91,,,처분가능소득,중위소득50~150%,,,901Y112,8.7.3. 소득분배지표(2011~),2015,,
25.1,I38B,92,,,처분가능소득,중위소득150%초과,,,901Y112,8.7.3. 소득분배지표(2011~),2015,,
0.402,I38A,10,,,시장소득,지니계수,,,901Y112,8.7.3. 소득분배지표(2011~),2016,,
10.88,I38A,20,,,시장소득,5분위배율,,,901Y112,8.7.3. 소득분배지표(2011~),2016,배 ,
2652,I38A,30,,,시장소득,균등화 중위소득,,,901Y112,8.7.3. 소득분배지표(2011~),2016,만원,
3195,I38A,40,,,시장소득,균등화 평균소득(5분위),,,901Y112,8.7.3. 소득분배지표(2011~),2016,만원,
653,I38A,401,,,시장소득,1분위,,,901Y112,8.7.3. 소득분배지표(2011~),2016,만원,
1762,I38A,402,,,시장소득,2분위,,,901Y112,8.7.3. 소득분배지표(2011~),2016,만원,
2664,I38A,403,,,시장소득,3분위,,,901Y112,8.7.3. 소득분배지표(2011~),2016,만원,
3786,I38A,404,,,시장소득,4분위,,,901Y112,8.7.3. 소득분배지표(2011~),2016,만원,
7107,I38A,405,,,시장소득,5분위,,,901Y112,8.7.3. 소득분배지표(2011~),2016,만원,
100,I38A,50,,,시장소득,소득점유율(5분위),,,901Y112,8.7.3. 소득분배지표(2011~),2016,%,
4.1,I38A,501,,,시장소득,1분위,,,901Y112,8.7.3. 소득분배지표(2011~),2016,%,
11,I38A,502,,,시장소득,2분위,,,901Y112,8.7.3. 소득분배지표(2011~),2016,%,
16.7,I38A,503,,,시장소득,3분위,,,901Y112,8.7.3. 소득분배지표(2011~),2016,%,
23.7,I38A,504,,,시장소득,4분위,,,901Y112,8.7.3. 소득분배지표(2011~),2016,%,
44.5,I38A,505,,,시장소득,5분위,,,901Y112,8.7.3. 소득분배지표(2011~),2016,%,
20,I38A,90,,,시장소득,중위소득50%이하(상대적빈곤율),,,901Y112,8.7.3. 소득분배지표(2011~),2016,,
51.7,I38A,91,,,시장소득,중위소득50~150%,,,901Y112,8.7.3. 소득분배지표(2011~),2016,,
28.4,I38A,92,,,시장소득,중위소득150%초과,,,901Y112,8.7.3. 소득분배지표(2011~),2016,,
0.353,I38B,10,,,처분가능소득,지니계수,,,901Y112,8.7.3. 소득분배지표(2011~),2016,,
6.87,I38B,20,,,처분가능소득,5분위배율,,,901Y112,8.7.3. 소득분배지표(2011~),2016,배 ,
2570,I38B,30,,,처분가능소득,균등화 중위소득,,,901Y112,8.7.3. 소득분배지표(2011~),2016,만원,
3001,I38B,40,,,처분가능소득,균등화 평균소득(5분위),,,901Y112,8.7.3. 소득분배지표(2011~),2016,만원,
902,I38B,401,,,처분가능소득,1분위,,,901Y112,8.7.3. 소득분배지표(2011~),2016,만원,
1796,I38B,402,,,처분가능소득,2분위,,,901Y112,8.7.3. 소득분배지표(2011~),2016,만원,
2579,I38B,403,,,처분가능소득,3분위,,,901Y112,8.7.3. 소득분배지표(2011~),2016,만원,
3528,I38B,404,,,처분가능소득,4분위,,,901Y112,8.7.3. 소득분배지표(2011~),2016,만원,
6198,I38B,405,,,처분가능소득,5분위,,,901Y112,8.7.3. 소득분배지표(2011~),2016,만원,
100,I38B,50,,,처분가능소득,소득점유율(5분위),,,901Y112,8.7.3. 소득분배지표(2011~),2016,%,
6,I38B,501,,,처분가능소득,1분위,,,901Y112,8.7.3. 소득분배지표(2011~),2016,%,
12,I38B,502,,,처분가능소득,2분위,,,901Y112,8.7.3. 소득분배지표(2011~),2016,%,
17.2,I38B,503,,,처분가능소득,3분위,,,901Y112,8.7.3. 소득분배지표(2011~),2016,%,
23.5,I38B,504,,,처분가능소득,4분위,,,901Y112,8.7.3. 소득분배지표(2011~),2016,%,
41.3,I38B,505,,,처분가능소득,5분위,,,901Y112,8.7.3. 소득분배지표(2011~),2016,%,
17.4,I38B,90,,,처분가능소득,중위소득50%이하(상대적빈곤율),,,901Y112,8.7.3. 소득분배지표(2011~),2016,,
58.4,I38B,91,,,처분가능소득,중위소득50~150%,,,901Y112,8.7.3. 소득분배지표(2011~),2016,,
24.2,I38B,92,,,처분가능소득,중위소득150%초과,,,901Y112,8.7.3. 소득분배지표(2011~),2016,,
0.406,I38A,10,,,시장소득,지니계수,,,901Y112,8.7.3. 소득분배지표(2011~),2017,,
11.27,I38A,20,,,시장소득,5분위배율,,,901Y112,8.7.3. 소득분배지표(2011~),2017,배 ,
2762,I38A,30,,,시장소득,균등화 중위소득,,,901Y112,8.7.3. 소득분배지표(2011~),2017,만원,
3353,I38A,40,,,시장소득,균등화 평균소득(5분위),,,901Y112,8.7.3. 소득분배지표(2011~),2017,만원,
667,I38A,401,,,시장소득,1분위,,,901Y112,8.7.3. 소득분배지표(2011~),2017,만원,
1840,I38A,402,,,시장소득,2분위,,,901Y112,8.7.3. 소득분배지표(2011~),2017,만원,
2773,I38A,403,,,시장소득,3분위,,,901Y112,8.7.3. 소득분배지표(2011~),2017,만원,
3968,I38A,404,,,시장소득,4분위,,,901Y112,8.7.3. 소득분배지표(2011~),2017,만원,
7514,I38A,405,,,시장소득,5분위,,,901Y112,8.7.3. 소득분배지표(2011~),2017,만원,
100,I38A,50,,,시장소득,소득점유율(5분위),,,901Y112,8.7.3. 소득분배지표(2011~),2017,%,
4,I38A,501,,,시장소득,1분위,,,901Y112,8.7.3. 소득분배지표(2011~),2017,%,
11,I38A,502,,,시장소득,2분위,,,901Y112,8.7.3. 소득분배지표(2011~),2017,%,
16.5,I38A,503,,,시장소득,3분위,,,901Y112,8.7.3. 소득분배지표(2011~),2017,%,
23.7,I38A,504,,,시장소득,4분위,,,901Y112,8.7.3. 소득분배지표(2011~),2017,%,
44.8,I38A,505,,,시장소득,5분위,,,901Y112,8.7.3. 소득분배지표(2011~),2017,%,
19.9,I38A,90,,,시장소득,중위소득50%이하(상대적빈곤율),,,901Y112,8.7.3. 소득분배지표(2011~),2017,,
51.1,I38A,91,,,시장소득,중위소득50~150%,,,901Y112,8.7.3. 소득분배지표(2011~),2017,,
29,I38A,92,,,시장소득,중위소득150%초과,,,901Y112,8.7.3. 소득분배지표(2011~),2017,,
0.352,I38B,10,,,처분가능소득,지니계수,,,901Y112,8.7.3. 소득분배지표(2011~),2017,,
6.84,I38B,20,,,처분가능소득,5분위배율,,,901Y112,8.7.3. 소득분배지표(2011~),2017,배 ,
2669,I38B,30,,,처분가능소득,균등화 중위소득,,,901Y112,8.7.3. 소득분배지표(2011~),2017,만원,
3133,I38B,40,,,처분가능소득,균등화 평균소득(5분위),,,901Y112,8.7.3. 소득분배지표(2011~),2017,만원,
945,I38B,401,,,처분가능소득,1분위,,,901Y112,8.7.3. 소득분배지표(2011~),2017,만원,
1883,I38B,402,,,처분가능소득,2분위,,,901Y112,8.7.3. 소득분배지표(2011~),2017,만원,
2677,I38B,403,,,처분가능소득,3분위,,,901Y112,8.7.3. 소득분배지표(2011~),2017,만원,
3692,I38B,404,,,처분가능소득,4분위,,,901Y112,8.7.3. 소득분배지표(2011~),2017,만원,
6468,I38B,405,,,처분가능소득,5분위,,,901Y112,8.7.3. 소득분배지표(2011~),2017,만원,
100,I38B,50,,,처분가능소득,소득점유율(5분위),,,901Y112,8.7.3. 소득분배지표(2011~),2017,%,
6,I38B,501,,,처분가능소득,1분위,,,901Y112,8.7.3. 소득분배지표(2011~),2017,%,
12,I38B,502,,,처분가능소득,2분위,,,901Y112,8.7.3. 소득분배지표(2011~),2017,%,
17.1,I38B,503,,,처분가능소득,3분위,,,901Y112,8.7.3. 소득분배지표(2011~),2017,%,
23.6,I38B,504,,,처분가능소득,4분위,,,901Y112,8.7.3. 소득분배지표(2011~),2017,%,
41.3,I38B,505,,,처분가능소득,5분위,,,901Y112,8.7.3. 소득분배지표(2011~),2017,%,
17,I38B,90,,,처분가능소득,중위소득50%이하(상대적빈곤율),,,901Y112,8.7.3. 소득분배지표(2011~),2017,,
58.1,I38B,91,,,처분가능소득,중위소득50~150%,,,901Y112,8.7.3. 소득분배지표(2011~),2017,,
24.9,I38B,92,,,처분가능소득,중위소득150%초과,,,901Y112,8.7.3. 소득분배지표(2011~),2017,,
0.402,I38A,10,,,시장소득,지니계수,,,901Y112,8.7.3. 소득분배지표(2011~),2018,,
11.15,I38A,20,,,시장소득,5분위배율,,,901Y112,8.7.3. 소득분배지표(2011~),2018,배 ,
2873,I38A,30,,,시장소득,균등화 중위소득,,,901Y112,8.7.3. 소득분배지표(2011~),2018,만원,
3455,I38A,40,,,시장소득,균등화 평균소득(5분위),,,901Y112,8.7.3. 소득분배지표(2011~),2018,만원,
689,I38A,401,,,시장소득,1분위,,,901Y112,8.7.3. 소득분배지표(2011~),2018,만원,
1907,I38A,402,,,시장소득,2분위,,,901Y112,8.7.3. 소득분배지표(2011~),2018,만원,
2881,I38A,403,,,시장소득,3분위,,,901Y112,8.7.3. 소득분배지표(2011~),2018,만원,
4110,I38A,404,,,시장소득,4분위,,,901Y112,8.7.3. 소득분배지표(2011~),2018,만원,
7685,I38A,405,,,시장소득,5분위,,,901Y112,8.7.3. 소득분배지표(2011~),2018,만원,
100,I38A,50,,,시장소득,소득점유율(5분위),,,901Y112,8.7.3. 소득분배지표(2011~),2018,%,
4,I38A,501,,,시장소득,1분위,,,901Y112,8.7.3. 소득분배지표(2011~),2018,%,
11,I38A,502,,,시장소득,2분위,,,901Y112,8.7.3. 소득분배지표(2011~),2018,%,
16.7,I38A,503,,,시장소득,3분위,,,901Y112,8.7.3. 소득분배지표(2011~),2018,%,
23.8,I38A,504,,,시장소득,4분위,,,901Y112,8.7.3. 소득분배지표(2011~),2018,%,
44.5,I38A,505,,,시장소득,5분위,,,901Y112,8.7.3. 소득분배지표(2011~),2018,%,
20.2,I38A,90,,,시장소득,중위소득50%이하(상대적빈곤율),,,901Y112,8.7.3. 소득분배지표(2011~),2018,,
51.3,I38A,91,,,시장소득,중위소득50~150%,,,901Y112,8.7.3. 소득분배지표(2011~),2018,,
28.5,I38A,92,,,시장소득,중위소득150%초과,,,901Y112,8.7.3. 소득분배지표(2011~),2018,,
0.342,I38B,10,,,처분가능소득,지니계수,,,901Y112,8.7.3. 소득분배지표(2011~),2018,,
6.43,I38B,20,,,처분가능소득,5분위배율,,,901Y112,8.7.3. 소득분배지표(2011~),2018,배 ,
2784,I38B,30,,,처분가능소득,균등화 중위소득,,,901Y112,8.7.3. 소득분배지표(2011~),2018,만원,
3234,I38B,40,,,처분가능소득,균등화 평균소득(5분위),,,901Y112,8.7.3. 소득분배지표(2011~),2018,만원,
1019,I38B,401,,,처분가능소득,1분위,,,901Y112,8.7.3. 소득분배지표(2011~),2018,만원,
1979,I38B,402,,,처분가능소득,2분위,,,901Y112,8.7.3. 소득분배지표(2011~),2018,만원,
2790,I38B,403,,,처분가능소득,3분위,,,901Y112,8.7.3. 소득분배지표(2011~),2018,만원,
3829,I38B,404,,,처분가능소득,4분위,,,901Y112,8.7.3. 소득분배지표(2011~),2018,만원,
6550,I38B,405,,,처분가능소득,5분위,,,901Y112,8.7.3. 소득분배지표(2011~),2018,만원,
100,I38B,50,,,처분가능소득,소득점유율(5분위),,,901Y112,8.7.3. 소득분배지표(2011~),2018,%,
6.3,I38B,501,,,처분가능소득,1분위,,,901Y112,8.7.3. 소득분배지표(2011~),2018,%,
12.2,I38B,502,,,처분가능소득,2분위,,,901Y112,8.7.3. 소득분배지표(2011~),2018,%,
17.3,I38B,503,,,처분가능소득,3분위,,,901Y112,8.7.3. 소득분배지표(2011~),2018,%,
23.7,I38B,504,,,처분가능소득,4분위,,,901Y112,8.7.3. 소득분배지표(2011~),2018,%,
40.5,I38B,505,,,처분가능소득,5분위,,,901Y112,8.7.3. 소득분배지표(2011~),2018,%,
16.5,I38B,90,,,처분가능소득,중위소득50%이하(상대적빈곤율),,,901Y112,8.7.3. 소득분배지표(2011~),2018,,
58.9,I38B,91,,,처분가능소득,중위소득50~150%,,,901Y112,8.7.3. 소득분배지표(2011~),2018,,
24.6,I38B,92,,,처분가능소득,중위소득150%초과,,,901Y112,8.7.3. 소득분배지표(2011~),2018,,
0.404,I38A,10,,,시장소득,지니계수,,,901Y112,8.7.3. 소득분배지표(2011~),2019,,
11.56,I38A,20,,,시장소득,5분위배율,,,901Y112,8.7.3. 소득분배지표(2011~),2019,배 ,
2967,I38A,30,,,시장소득,균등화 중위소득,,,901Y112,8.7.3. 소득분배지표(2011~),2019,만원,
3539,I38A,40,,,시장소득,균등화 평균소득(5분위),,,901Y112,8.7.3. 소득분배지표(2011~),2019,만원,
681,I38A,401,,,시장소득,1분위,,,901Y112,8.7.3. 소득분배지표(2011~),2019,만원,
1946,I38A,402,,,시장소득,2분위,,,901Y112,8.7.3. 소득분배지표(2011~),2019,만원,
2973,I38A,403,,,시장소득,3분위,,,901Y112,8.7.3. 소득분배지표(2011~),2019,만원,
4225,I38A,404,,,시장소득,4분위,,,901Y112,8.7.3. 소득분배지표(2011~),2019,만원,
7869,I38A,405,,,시장소득,5분위,,,901Y112,8.7.3. 소득분배지표(2011~),2019,만원,
100,I38A,50,,,시장소득,소득점유율(5분위),,,901Y112,8.7.3. 소득분배지표(2011~),2019,%,
3.8,I38A,501,,,시장소득,1분위,,,901Y112,8.7.3. 소득분배지표(2011~),2019,%,
11,I38A,502,,,시장소득,2분위,,,901Y112,8.7.3. 소득분배지표(2011~),2019,%,
16.8,I38A,503,,,시장소득,3분위,,,901Y112,8.7.3. 소득분배지표(2011~),2019,%,
23.9,I38A,504,,,시장소득,4분위,,,901Y112,8.7.3. 소득분배지표(2011~),2019,%,
44.5,I38A,505,,,시장소득,5분위,,,901Y112,8.7.3. 소득분배지표(2011~),2019,%,
21,I38A,90,,,시장소득,중위소득50%이하(상대적빈곤율),,,901Y112,8.7.3. 소득분배지표(2011~),2019,,
51.1,I38A,91,,,시장소득,중위소득50~150%,,,901Y112,8.7.3. 소득분배지표(2011~),2019,,
27.9,I38A,92,,,시장소득,중위소득150%초과,,,901Y112,8.7.3. 소득분배지표(2011~),2019,,
0.336,I38B,10,,,처분가능소득,지니계수,,,901Y112,8.7.3. 소득분배지표(2011~),2019,,
6.17,I38B,20,,,처분가능소득,5분위배율,,,901Y112,8.7.3. 소득분배지표(2011~),2019,배 ,
2907,I38B,30,,,처분가능소득,균등화 중위소득,,,901Y112,8.7.3. 소득분배지표(2011~),2019,만원,
3347,I38B,40,,,처분가능소득,균등화 평균소득(5분위),,,901Y112,8.7.3. 소득분배지표(2011~),2019,만원,
1090,I38B,401,,,처분가능소득,1분위,,,901Y112,8.7.3. 소득분배지표(2011~),2019,만원,
2079,I38B,402,,,처분가능소득,2분위,,,901Y112,8.7.3. 소득분배지표(2011~),2019,만원,
2909,I38B,403,,,처분가능소득,3분위,,,901Y112,8.7.3. 소득분배지표(2011~),2019,만원,
3930,I38B,404,,,처분가능소득,4분위,,,901Y112,8.7.3. 소득분배지표(2011~),2019,만원,
6725,I38B,405,,,처분가능소득,5분위,,,901Y112,8.7.3. 소득분배지표(2011~),2019,만원,
100,I38B,50,,,처분가능소득,소득점유율(5분위),,,901Y112,8.7.3. 소득분배지표(2011~),2019,%,
6.5,I38B,501,,,처분가능소득,1분위,,,901Y112,8.7.3. 소득분배지표(2011~),2019,%,
12.4,I38B,502,,,처분가능소득,2분위,,,901Y112,8.7.3. 소득분배지표(2011~),2019,%,
17.4,I38B,503,,,처분가능소득,3분위,,,901Y112,8.7.3. 소득분배지표(2011~),2019,%,
23.5,I38B,504,,,처분가능소득,4분위,,,901Y112,8.7.3. 소득분배지표(2011~),2019,%,
40.2,I38B,505,,,처분가능소득,5분위,,,901Y112,8.7.3. 소득분배지표(2011~),2019,%,
16.1,I38B,90,,,처분가능소득,중위소득50%이하(상대적빈곤율),,,901Y112,8.7.3. 소득분배지표(2011~),2019,,
60.6,I38B,91,,,처분가능소득,중위소득50~150%,,,901Y112,8.7.3. 소득분배지표(2011~),2019,,
23.4,I38B,92,,,처분가능소득,중위소득150%초과,,,901Y112,8.7.3. 소득분배지표(2011~),2019,,
0.405,I38A,10,,,시장소득,지니계수,,,901Y112,8.7.3. 소득분배지표(2011~),2020,,
11.37,I38A,20,,,시장소득,5분위배율,,,901Y112,8.7.3. 소득분배지표(2011~),2020,배 ,
3018,I38A,30,,,시장소득,균등화 중위소득,,,901Y112,8.7.3. 소득분배지표(2011~),2020,만원,
3601,I38A,40,,,시장소득,균등화 평균소득(5분위),,,901Y112,8.7.3. 소득분배지표(2011~),2020,만원,
706,I38A,401,,,시장소득,1분위,,,901Y112,8.7.3. 소득분배지표(2011~),2020,만원,
1980,I38A,402,,,시장소득,2분위,,,901Y112,8.7.3. 소득분배지표(2011~),2020,만원,
3022,I38A,403,,,시장소득,3분위,,,901Y112,8.7.3. 소득분배지표(2011~),2020,만원,
4270,I38A,404,,,시장소득,4분위,,,901Y112,8.7.3. 소득분배지표(2011~),2020,만원,
8025,I38A,405,,,시장소득,5분위,,,901Y112,8.7.3. 소득분배지표(2011~),2020,만원,
100,I38A,50,,,시장소득,소득점유율(5분위),,,901Y112,8.7.3. 소득분배지표(2011~),2020,%,
3.9,I38A,501,,,시장소득,1분위,,,901Y112,8.7.3. 소득분배지표(2011~),2020,%,
11,I38A,502,,,시장소득,2분위,,,901Y112,8.7.3. 소득분배지표(2011~),2020,%,
16.8,I38A,503,,,시장소득,3분위,,,901Y112,8.7.3. 소득분배지표(2011~),2020,%,
23.7,I38A,504,,,시장소득,4분위,,,901Y112,8.7.3. 소득분배지표(2011~),2020,%,
44.6,I38A,505,,,시장소득,5분위,,,901Y112,8.7.3. 소득분배지표(2011~),2020,%,
21.7,I38A,90,,,시장소득,중위소득50%이하(상대적빈곤율),,,901Y112,8.7.3. 소득분배지표(2011~),2020,,
52.2,I38A,91,,,시장소득,중위소득50~150%,,,901Y112,8.7.3. 소득분배지표(2011~),2020,,
26.1,I38A,92,,,시장소득,중위소득150%초과,,,901Y112,8.7.3. 소득분배지표(2011~),2020,,
0.328,I38B,10,,,처분가능소득,지니계수,,,901Y112,8.7.3. 소득분배지표(2011~),2020,,
5.75,I38B,20,,,처분가능소득,5분위배율,,,901Y112,8.7.3. 소득분배지표(2011~),2020,배 ,
3038,I38B,30,,,처분가능소득,균등화 중위소득,,,901Y112,8.7.3. 소득분배지표(2011~),2020,만원,
3486,I38B,40,,,처분가능소득,균등화 평균소득(5분위),,,901Y112,8.7.3. 소득분배지표(2011~),2020,만원,
1205,I38B,401,,,처분가능소득,1분위,,,901Y112,8.7.3. 소득분배지표(2011~),2020,만원,
2194,I38B,402,,,처분가능소득,2분위,,,901Y112,8.7.3. 소득분배지표(2011~),2020,만원,
3039,I38B,403,,,처분가능소득,3분위,,,901Y112,8.7.3. 소득분배지표(2011~),2020,만원,
4064,I38B,404,,,처분가능소득,4분위,,,901Y112,8.7.3. 소득분배지표(2011~),2020,만원,
6926,I38B,405,,,처분가능소득,5분위,,,901Y112,8.7.3. 소득분배지표(2011~),2020,만원,
100,I38B,50,,,처분가능소득,소득점유율(5분위),,,901Y112,8.7.3. 소득분배지표(2011~),2020,%,
6.9,I38B,501,,,처분가능소득,1분위,,,901Y112,8.7.3. 소득분배지표(2011~),2020,%,
12.6,I38B,502,,,처분가능소득,2분위,,,901Y112,8.7.3. 소득분배지표(2011~),2020,%,
17.4,I38B,503,,,처분가능소득,3분위,,,901Y112,8.7.3. 소득분배지표(2011~),2020,%,
23.3,I38B,504,,,처분가능소득,4분위,,,901Y112,8.7.3. 소득분배지표(2011~),2020,%,
39.7,I38B,505,,,처분가능소득,5분위,,,901Y112,8.7.3. 소득분배지표(2011~),2020,%,
15.1,I38B,90,,,처분가능소득,중위소득50%이하(상대적빈곤율),,,901Y112,8.7.3. 소득분배지표(2011~),2020,,
62.5,I38B,91,,,처분가능소득,중위소득50~150%,,,901Y112,8.7.3. 소득분배지표(2011~),2020,,
22.4,I38B,92,,,처분가능소득,중위소득150%초과,,,901Y112,8.7.3. 소득분배지표(2011~),2020,,
0.405,I38A,10,,,시장소득,지니계수,,,901Y112,8.7.3. 소득분배지표(2011~),2021,,
11.52,I38A,20,,,시장소득,5분위배율,,,901Y112,8.7.3. 소득분배지표(2011~),2021,배 ,
3206,I38A,30,,,시장소득,균등화 중위소득,,,901Y112,8.7.3. 소득분배지표(2011~),2021,만원,
3856,I38A,40,,,시장소득,균등화 평균소득(5분위),,,901Y112,8.7.3. 소득분배지표(2011~),2021,만원,
746,I38A,401,,,시장소득,1분위,,,901Y112,8.7.3. 소득분배지표(2011~),2021,만원,
2122,I38A,402,,,시장소득,2분위,,,901Y112,8.7.3. 소득분배지표(2011~),2021,만원,
3221,I38A,403,,,시장소득,3분위,,,901Y112,8.7.3. 소득분배지표(2011~),2021,만원,
4597,I38A,404,,,시장소득,4분위,,,901Y112,8.7.3. 소득분배지표(2011~),2021,만원,
8591,I38A,405,,,시장소득,5분위,,,901Y112,8.7.3. 소득분배지표(2011~),2021,만원,
100,I38A,50,,,시장소득,소득점유율(5분위),,,901Y112,8.7.3. 소득분배지표(2011~),2021,%,
3.9,I38A,501,,,시장소득,1분위,,,901Y112,8.7.3. 소득분배지표(2011~),2021,%,
11,I38A,502,,,시장소득,2분위,,,901Y112,8.7.3. 소득분배지표(2011~),2021,%,
16.7,I38A,503,,,시장소득,3분위,,,901Y112,8.7.3. 소득분배지표(2011~),2021,%,
23.8,I38A,504,,,시장소득,4분위,,,901Y112,8.7.3. 소득분배지표(2011~),2021,%,
44.6,I38A,505,,,시장소득,5분위,,,901Y112,8.7.3. 소득분배지표(2011~),2021,%,
21.1,I38A,90,,,시장소득,중위소득50%이하(상대적빈곤율),,,901Y112,8.7.3. 소득분배지표(2011~),2021,,
51.8,I38A,91,,,시장소득,중위소득50~150%,,,901Y112,8.7.3. 소득분배지표(2011~),2021,,
27.1,I38A,92,,,시장소득,중위소득150%초과,,,901Y112,8.7.3. 소득분배지표(2011~),2021,,
0.329,I38B,10,,,처분가능소득,지니계수,,,901Y112,8.7.3. 소득분배지표(2011~),2021,,
5.83,I38B,20,,,처분가능소득,5분위배율,,,901Y112,8.7.3. 소득분배지표(2011~),2021,배 ,
3209,I38B,30,,,처분가능소득,균등화 중위소득,,,901Y112,8.7.3. 소득분배지표(2011~),2021,만원,
3706,I38B,40,,,처분가능소득,균등화 평균소득(5분위),,,901Y112,8.7.3. 소득분배지표(2011~),2021,만원,
1264,I38B,401,,,처분가능소득,1분위,,,901Y112,8.7.3. 소득분배지표(2011~),2021,만원,
2333,I38B,402,,,처분가능소득,2분위,,,901Y112,8.7.3. 소득분배지표(2011~),2021,만원,
3213,I38B,403,,,처분가능소득,3분위,,,901Y112,8.7.3. 소득분배지표(2011~),2021,만원,
4350,I38B,404,,,처분가능소득,4분위,,,901Y112,8.7.3. 소득분배지표(2011~),2021,만원,
7370,I38B,405,,,처분가능소득,5분위,,,901Y112,8.7.3. 소득분배지표(2011~),2021,만원,
100,I38B,50,,,처분가능소득,소득점유율(5분위),,,901Y112,8.7.3. 소득분배지표(2011~),2021,%,
6.8,I38B,501,,,처분가능소득,1분위,,,901Y112,8.7.3. 소득분배지표(2011~),2021,%,
12.6,I38B,502,,,처분가능소득,2분위,,,901Y112,8.7.3. 소득분배지표(2011~),2021,%,
17.3,I38B,503,,,처분가능소득,3분위,,,901Y112,8.7.3. 소득분배지표(2011~),2021,%,
23.5,I38B,504,,,처분가능소득,4분위,,,901Y112,8.7.3. 소득분배지표(2011~),2021,%,
39.8,I38B,505,,,처분가능소득,5분위,,,901Y112,8.7.3. 소득분배지표(2011~),2021,%,
14.8,I38B,90,,,처분가능소득,중위소득50%이하(상대적빈곤율),,,901Y112,8.7.3. 소득분배지표(2011~),2021,,
61.9,I38B,91,,,처분가능소득,중위소득50~150%,,,901Y112,8.7.3. 소득분배지표(2011~),2021,,
23.4,I38B,92,,,처분가능소득,중위소득150%초과,,,901Y112,8.7.3. 소득분배지표(2011~),2021,,
0.396,I38A,10,,,시장소득,지니계수,,,901Y112,8.7.3. 소득분배지표(2011~),2022,,
10.99,I38A,20,,,시장소득,5분위배율,,,901Y112,8.7.3. 소득분배지표(2011~),2022,배 ,
3508,I38A,30,,,시장소득,균등화 중위소득,,,901Y112,8.7.3. 소득분배지표(2011~),2022,만원,
4145,I38A,40,,,시장소득,균등화 평균소득(5분위),,,901Y112,8.7.3. 소득분배지표(2011~),2022,만원,
828,I38A,401,,,시장소득,1분위,,,901Y112,8.7.3. 소득분배지표(2011~),2022,만원,
2349,I38A,402,,,시장소득,2분위,,,901Y112,8.7.3. 소득분배지표(2011~),2022,만원,
3513,I38A,403,,,시장소득,3분위,,,901Y112,8.7.3. 소득분배지표(2011~),2022,만원,
4937,I38A,404,,,시장소득,4분위,,,901Y112,8.7.3. 소득분배지표(2011~),2022,만원,
9098,I38A,405,,,시장소득,5분위,,,901Y112,8.7.3. 소득분배지표(2011~),2022,만원,
100,I38A,50,,,시장소득,소득점유율(5분위),,,901Y112,8.7.3. 소득분배지표(2011~),2022,%,
4,I38A,501,,,시장소득,1분위,,,901Y112,8.7.3. 소득분배지표(2011~),2022,%,
11.3,I38A,502,,,시장소득,2분위,,,901Y112,8.7.3. 소득분배지표(2011~),2022,%,
16.9,I38A,503,,,시장소득,3분위,,,901Y112,8.7.3. 소득분배지표(2011~),2022,%,
23.8,I38A,504,,,시장소득,4분위,,,901Y112,8.7.3. 소득분배지표(2011~),2022,%,
43.9,I38A,505,,,시장소득,5분위,,,901Y112,8.7.3. 소득분배지표(2011~),2022,%,
20.2,I38A,90,,,시장소득,중위소득50%이하(상대적빈곤율),,,901Y112,8.7.3. 소득분배지표(2011~),2022,,
52.8,I38A,91,,,시장소득,중위소득50~150%,,,901Y112,8.7.3. 소득분배지표(2011~),2022,,
27,I38A,92,,,시장소득,중위소득150%초과,,,901Y112,8.7.3. 소득분배지표(2011~),2022,,
0.324,I38B,10,,,처분가능소득,지니계수,,,901Y112,8.7.3. 소득분배지표(2011~),2022,,
5.76,I38B,20,,,처분가능소득,5분위배율,,,901Y112,8.7.3. 소득분배지표(2011~),2022,배 ,
3454,I38B,30,,,처분가능소득,균등화 중위소득,,,901Y112,8.7.3. 소득분배지표(2011~),2022,만원,
3936,I38B,40,,,처분가능소득,균등화 평균소득(5분위),,,901Y112,8.7.3. 소득분배지표(2011~),2022,만원,
1340,I38B,401,,,처분가능소득,1분위,,,901Y112,8.7.3. 소득분배지표(2011~),2022,만원,
2527,I38B,402,,,처분가능소득,2분위,,,901Y112,8.7.3. 소득분배지표(2011~),2022,만원,
3465,I38B,403,,,처분가능소득,3분위,,,901Y112,8.7.3. 소득분배지표(2011~),2022,만원,
4622,I38B,404,,,처분가능소득,4분위,,,901Y112,8.7.3. 소득분배지표(2011~),2022,만원,
7722,I38B,405,,,처분가능소득,5분위,,,901Y112,8.7.3. 소득분배지표(2011~),2022,만원,
100,I38B,50,,,처분가능소득,소득점유율(5분위),,,901Y112,8.7.3. 소득분배지표(2011~),2022,%,
6.8,I38B,501,,,처분가능소득,1분위,,,901Y112,8.7.3. 소득분배지표(2011~),2022,%,
12.8,I38B,502,,,처분가능소득,2분위,,,901Y112,8.7.3. 소득분배지표(2011~),2022,%,
17.6,I38B,503,,,처분가능소득,3분위,,,901Y112,8.7.3. 소득분배지표(2011~),2022,%,
23.5,I38B,504,,,처분가능소득,4분위,,,901Y112,8.7.3. 소득분배지표(2011~),2022,%,
39.3,I38B,505,,,처분가능소득,5분위,,,901Y112,8.7.3. 소득분배지표(2011~),2022,%,
14.9,I38B,90,,,처분가능소득,중위소득50%이하(상대적빈곤율),,,901Y112,8.7.3. 소득분배지표(2011~),2022,,
62.8,I38B,91,,,처분가능소득,중위소득50~150%,,,901Y112,8.7.3. 소득분배지표(2011~),2022,,
22.3,I38B,92,,,처분가능소득,중위소득150%초과,,,901Y112,8.7.3. 소득분배지표(2011~),2022,,
0.392,I38A,10,,,시장소득,지니계수,,,901Y112,8.7.3. 소득분배지표(2011~),2023,,
10.7,I38A,20,,,시장소득,5분위배율,,,901Y112,8.7.3. 소득분배지표(2011~),2023,배 ,
3851,I38A,30,,,시장소득,균등화 중위소득,,,901Y112,8.7.3. 소득분배지표(2011~),2023,만원,
4513,I38A,40,,,시장소득,균등화 평균소득(5분위),,,901Y112,8.7.3. 소득분배지표(2011~),2023,만원,
919,I38A,401,,,시장소득,1분위,,,901Y112,8.7.3. 소득분배지표(2011~),2023,만원,
2576,I38A,402,,,시장소득,2분위,,,901Y112,8.7.3. 소득분배지표(2011~),2023,만원,
3872,I38A,403,,,시장소득,3분위,,,901Y112,8.7.3. 소득분배지표(2011~),2023,만원,
5364,I38A,404,,,시장소득,4분위,,,901Y112,8.7.3. 소득분배지표(2011~),2023,만원,
9833,I38A,405,,,시장소득,5분위,,,901Y112,8.7.3. 소득분배지표(2011~),2023,만원,
100,I38A,50,,,시장소득,소득점유율(5분위),,,901Y112,8.7.3. 소득분배지표(2011~),2023,%,
4.1,I38A,501,,,시장소득,1분위,,,901Y112,8.7.3. 소득분배지표(2011~),2023,%,
11.4,I38A,502,,,시장소득,2분위,,,901Y112,8.7.3. 소득분배지표(2011~),2023,%,
17.2,I38A,503,,,시장소득,3분위,,,901Y112,8.7.3. 소득분배지표(2011~),2023,%,
23.8,I38A,504,,,시장소득,4분위,,,901Y112,8.7.3. 소득분배지표(2011~),2023,%,
43.6,I38A,505,,,시장소득,5분위,,,901Y112,8.7.3. 소득분배지표(2011~),2023,%,
19.9,I38A,90,,,시장소득,중위소득50%이하(상대적빈곤율),,,901Y112,8.7.3. 소득분배지표(2011~),2023,,
53.6,I38A,91,,,시장소득,중위소득50~150%,,,901Y112,8.7.3. 소득분배지표(2011~),2023,,
26.6,I38A,92,,,시장소득,중위소득150%초과,,,901Y112,8.7.3. 소득분배지표(2011~),2023,,
0.323,I38B,10,,,처분가능소득,지니계수,,,901Y112,8.7.3. 소득분배지표(2011~),2023,,
5.72,I38B,20,,,처분가능소득,5분위배율,,,901Y112,8.7.3. 소득분배지표(2011~),2023,배 ,
3757,I38B,30,,,처분가능소득,균등화 중위소득,,,901Y112,8.7.3. 소득분배지표(2011~),2023,만원,
4276,I38B,40,,,처분가능소득,균등화 평균소득(5분위),,,901Y112,8.7.3. 소득분배지표(2011~),2023,만원,
1465,I38B,401,,,처분가능소득,1분위,,,901Y112,8.7.3. 소득분배지표(2011~),2023,만원,
2745,I38B,402,,,처분가능소득,2분위,,,901Y112,8.7.3. 소득분배지표(2011~),2023,만원,
3775,I38B,403,,,처분가능소득,3분위,,,901Y112,8.7.3. 소득분배지표(2011~),2023,만원,
5012,I38B,404,,,처분가능소득,4분위,,,901Y112,8.7.3. 소득분배지표(2011~),2023,만원,
8383,I38B,405,,,처분가능소득,5분위,,,901Y112,8.7.3. 소득분배지표(2011~),2023,만원,
100,I38B,50,,,처분가능소득,소득점유율(5분위),,,901Y112,8.7.3. 소득분배지표(2011~),2023,%,
6.9,I38B,501,,,처분가능소득,1분위,,,901Y112,8.7.3. 소득분배지표(2011~),2023,%,
12.8,I38B,502,,,처분가능소득,2분위,,,901Y112,8.7.3. 소득분배지표(2011~),2023,%,
17.7,I38B,503,,,처분가능소득,3분위,,,901Y112,8.7.3. 소득분배지표(2011~),2023,%,
23.4,I38B,504,,,처분가능소득,4분위,,,901Y112,8.7.3. 소득분배지표(2011~),2023,%,
39.2,I38B,505,,,처분가능소득,5분위,,,901Y112,8.7.3. 소득분배지표(2011~),2023,%,
14.9,I38B,90,,,처분가능소득,중위소득50%이하(상대적빈곤율),,,901Y112,8.7.3. 소득분배지표(2011~),2023,,
63,I38B,91,,,처분가능소득,중위소득50~150%,,,901Y112,8.7.3. 소득분배지표(2011~),2023,,
22.1,I38B,92,,,처분가능소득,중위소득150%초과,,,901Y112,8.7.3. 소득분배지표(2011~),2023,,
0.399,I38A,10,,,시장소득,지니계수,,,901Y112,8.7.3. 소득분배지표(2011~),2024,,
11.19,I38A,20,,,시장소득,5분위배율,,,901Y112,8.7.3. 소득분배지표(2011~),2024,배 ,
3995,I38A,30,,,시장소득,균등화 중위소득,,,901Y112,8.7.3. 소득분배지표(2011~),2024,만원,
4718,I38A,40,,,시장소득,균등화 평균소득(5분위),,,901Y112,8.7.3. 소득분배지표(2011~),2024,만원,
930,I38A,401,,,시장소득,1분위,,,901Y112,8.7.3. 소득분배지표(2011~),2024,만원,
2639,I38A,402,,,시장소득,2분위,,,901Y112,8.7.3. 소득분배지표(2011~),2024,만원,
3997,I38A,403,,,시장소득,3분위,,,901Y112,8.7.3. 소득분배지표(2011~),2024,만원,
5620,I38A,404,,,시장소득,4분위,,,901Y112,8.7.3. 소득분배지표(2011~),2024,만원,
10404,I38A,405,,,시장소득,5분위,,,901Y112,8.7.3. 소득분배지표(2011~),2024,만원,
100,I38A,50,,,시장소득,소득점유율(5분위),,,901Y112,8.7.3. 소득분배지표(2011~),2024,%,
3.9,I38A,501,,,시장소득,1분위,,,901Y112,8.7.3. 소득분배지표(2011~),2024,%,
11.2,I38A,502,,,시장소득,2분위,,,901Y112,8.7.3. 소득분배지표(2011~),2024,%,
16.9,I38A,503,,,시장소득,3분위,,,901Y112,8.7.3. 소득분배지표(2011~),2024,%,
23.8,I38A,504,,,시장소득,4분위,,,901Y112,8.7.3. 소득분배지표(2011~),2024,%,
44.1,I38A,505,,,시장소득,5분위,,,901Y112,8.7.3. 소득분배지표(2011~),2024,%,
20.9,I38A,90,,,시장소득,중위소득50%이하(상대적빈곤율),,,901Y112,8.7.3. 소득분배지표(2011~),2024,,
52.3,I38A,91,,,시장소득,중위소득50~150%,,,901Y112,8.7.3. 소득분배지표(2011~),2024,,
26.8,I38A,92,,,시장소득,중위소득150%초과,,,901Y112,8.7.3. 소득분배지표(2011~),2024,,
0.325,I38B,10,,,처분가능소득,지니계수,,,901Y112,8.7.3. 소득분배지표(2011~),2024,,
5.78,I38B,20,,,처분가능소득,5분위배율,,,901Y112,8.7.3. 소득분배지표(2011~),2024,배 ,
3932,I38B,30,,,처분가능소득,균등화 중위소득,,,901Y112,8.7.3. 소득분배지표(2011~),2024,만원,
4472,I38B,40,,,처분가능소득,균등화 평균소득(5분위),,,901Y112,8.7.3. 소득분배지표(2011~),2024,만원,
1523,I38B,401,,,처분가능소득,1분위,,,901Y112,8.7.3. 소득분배지표(2011~),2024,만원,
2853,I38B,402,,,처분가능소득,2분위,,,901Y112,8.7.3. 소득분배지표(2011~),2024,만원,
3937,I38B,403,,,처분가능소득,3분위,,,901Y112,8.7.3. 소득분배지표(2011~),2024,만원,
5238,I38B,404,,,처분가능소득,4분위,,,901Y112,8.7.3. 소득분배지표(2011~),2024,만원,
8805,I38B,405,,,처분가능소득,5분위,,,901Y112,8.7.3. 소득분배지표(2011~),2024,만원,
100,I38B,50,,,처분가능소득,소득점유율(5분위),,,901Y112,8.7.3. 소득분배지표(2011~),2024,%,
6.8,I38B,501,,,처분가능소득,1분위,,,901Y112,8.7.3. 소득분배지표(2011~),2024,%,
12.8,I38B,502,,,처분가능소득,2분위,,,901Y112,8.7.3. 소득분배지표(2011~),2024,%,
17.6,I38B,503,,,처분가능소득,3분위,,,901Y112,8.7.3. 소득분배지표(2011~),2024,%,
23.4,I38B,504,,,처분가능소득,4분위,,,901Y112,8.7.3. 소득분배지표(2011~),2024,%,
39.4,I38B,505,,,처분가능소득,5분위,,,901Y112,8.7.3. 소득분배지표(2011~),2024,%,
15.3,I38B,90,,,처분가능소득,중위소득50%이하(상대적빈곤율),,,901Y112,8.7.3. 소득분배지표(2011~),2024,,
62.6,I38B,91,,,처분가능소득,중위소득50~150%,,,901Y112,8.7.3. 소득분배지표(2011~),2024,,
22.1,I38B,92,,,처분가능소득,중위소득150%초과,,,901Y112,8.7.3. 소득분배지표(2011~),2024,,
